electrode_1_modified_mean_absolute_value_1,electrode_2_modified_mean_absolute_value_1,electrode_3_modified_mean_absolute_value_1,electrode_4_modified_mean_absolute_value_1,electrode_5_modified_mean_absolute_value_1,electrode_6_modified_mean_absolute_value_1,electrode_7_modified_mean_absolute_value_1,electrode_8_modified_mean_absolute_value_1
0.009843823333333335,0.010937553333333336,0.01669284333333333,0.015260503333333331,0.010078168333333337,0.009244846666666669,0.007500035,0.009218805
0.009843806666666666,0.011119858333333335,0.017942818333333325,0.015573041666666659,0.009817773333333335,0.009713620000000003,0.007812545,0.009036506666666668
0.008802136666666667,0.011328193333333333,0.015442813333333322,0.014270926666666668,0.00966152,0.009062558333333335,0.00781255,0.009166723333333333
0.009062548333333333,0.011562570000000005,0.014635495,0.014114673333333334,0.009791743333333337,0.008151086666666666,0.008307346666666666,0.008515671666666669
0.009088590000000002,0.01169278166666667,0.013984476666666664,0.014739701666666664,0.009166718333333334,0.009375045000000002,0.008020875000000002,0.008880273333333332
0.009062568333333333,0.011614648333333335,0.02054695166666666,0.016119936666666657,0.009661526666666668,0.009401096666666667,0.007682320000000001,0.008750045
0.008750038333333335,0.011510498333333336,0.01601571666666665,0.014609498333333326,0.008463595,0.009010478333333334,0.006927123333333332,0.008932338333333335
0.008541726666666666,0.010182375,0.01687507999999999,0.014531346666666669,0.009244846666666667,0.009583373333333334,0.008385453333333334,0.008802146666666668
0.00848963,0.010885486666666671,0.015625096666666657,0.014401131666666667,0.009010456666666668,0.009166721666666666,0.008072959999999999,0.008645891666666666
0.008671931666666667,0.010885500000000003,0.013802171666666668,0.014505308333333335,0.009166706666666668,0.00864588,0.008046919999999999,0.008229208333333333
0.009270910000000002,0.011015691666666669,0.014713651666666664,0.013776123333333338,0.009453185000000003,0.009244848333333333,0.008489636666666665,0.008724005
0.008229208333333333,0.010234433333333334,0.013828221666666668,0.013645903333333338,0.008697965,0.008932346666666669,0.007682321666666666,0.009010486666666666
0.008671911666666667,0.01091152666666667,0.014114661666666665,0.013515713333333335,0.009531318333333335,0.009166730000000001,0.007786504999999999,0.008437546666666667
0.00908859166666667,0.010286513333333337,0.014791744999999992,0.012760510000000004,0.009765703333333335,0.009140678333333334,0.007942756666666667,0.008567766666666669
0.008463595,0.010625071666666668,0.015703238333333324,0.015546998333333327,0.009895910000000003,0.008776096666666665,0.008177125,0.008333386666666664
0.009401100000000003,0.010208396666666668,0.015520956666666655,0.014531341666666666,0.010000058333333338,0.009244843333333336,0.008020861666666667,0.008645871666666667
0.008671916666666668,0.010052138333333337,0.014609468333333332,0.014609496666666664,0.008724006666666666,0.009687565000000002,0.008151081666666666,0.008541723333333334
0.008333391666666667,0.010520900000000005,0.014192771666666666,0.012526121666666673,0.008671923333333333,0.008958385,0.007994828333333332,0.007994828333333334
0.008203183333333332,0.009661535000000002,0.014817816666666662,0.015234469999999996,0.009661518333333332,0.008880276666666667,0.00776045,0.008697961666666667
0.008385450000000001,0.009817778333333336,0.015468863333333326,0.013463641666666675,0.00888026,0.008723998333333335,0.008437538333333335,0.008593798333333336
0.008151084999999999,0.009635476666666669,0.01302092833333334,0.012942798333333339,0.00914068166666667,0.007994846666666666,0.007656316666666665,0.007942758333333333
0.008776093333333335,0.010807366666666669,0.013307375000000005,0.013437603333333336,0.009765676666666669,0.008385465,0.008125045000000003,0.008255266666666665
0.008984413333333335,0.009322998333333334,0.013099031666666672,0.013515723333333337,0.008750048333333335,0.008671921666666665,0.007734416666666668,0.008125031666666666
0.008281303333333333,0.01085944666666667,0.013932389999999998,0.013567808333333336,0.00968755166666667,0.008020865,0.007708369999999999,0.008697956666666668
0.009349021666666669,0.01049486,0.013593848333333337,0.014869889999999997,0.009479233333333335,0.008046926666666666,0.007864613333333333,0.008411505000000001
0.008020873333333333,0.009401093333333334,0.01281256666666667,0.013489666666666669,0.008229219999999999,0.008802126666666665,0.007395870000000002,0.008046935
0.008593801666666668,0.009791740000000004,0.015000103333333332,0.012057363333333336,0.008411501666666666,0.008359410000000001,0.007421901666666667,0.008437528333333335
0.008776091666666668,0.010520935000000002,0.014713635000000001,0.01309903666666667,0.00924486,0.008385476666666667,0.008125041666666666,0.007864626666666668
0.007838581666666667,0.009974013333333335,0.013750086666666664,0.013072998333333337,0.009557361666666668,0.0089584,0.007812543333333333,0.008359423333333334
0.008099008333333333,0.010208410000000001,0.014557381666666662,0.014166755000000001,0.009114641666666668,0.008880260000000001,0.0072396183333333355,0.007708375000000002
0.008359425,0.01046882666666667,0.012317788333333336,0.012578216666666671,0.008671916666666666,0.008411516666666667,0.007838575,0.008151091666666666
0.008541710000000001,0.00929692,0.011953193333333337,0.012109460000000004,0.008828175,0.008151083333333333,0.0073958650000000015,0.008151070000000002
0.008880253333333333,0.010390675000000004,0.012421955000000004,0.01138026166666667,0.009140686666666668,0.008385473333333336,0.007890673333333332,0.007864618333333332
0.008593808333333335,0.010572976666666668,0.013489668333333338,0.013489665000000001,0.009036520000000003,0.008046913333333332,0.008489616666666666,0.0077604549999999994
0.009192765,0.009817758333333336,0.014010510000000002,0.012734448333333337,0.008724016666666667,0.008463595,0.007942741666666668,0.007656293333333334
0.008619836666666667,0.00911464166666667,0.01270843166666667,0.013724053333333337,0.009557348333333333,0.008099003333333334,0.007369818333333334,0.00760421
0.008463596666666668,0.009974028333333334,0.014323003333333334,0.012942793333333338,0.008697973333333334,0.007812536666666668,0.007890665,0.008333371666666667
0.008411506666666667,0.009062548333333333,0.012369878333333341,0.01434908166666667,0.009531326666666668,0.008828166666666666,0.00783858,0.00820316
0.0084115,0.009765683333333334,0.012838611666666671,0.013724051666666666,0.008567758333333333,0.007968803333333333,0.008229203333333332,0.007421908333333334
0.009427143333333334,0.009635498333333336,0.01419281166666667,0.012500070000000005,0.008750053333333332,0.008307346666666666,0.008307335,0.007708371666666666
0.0086459,0.009739626666666668,0.014270935,0.014323010000000004,0.009557363333333336,0.009036520000000001,0.007708369999999999,0.008619836666666667
0.008958376666666667,0.009765695,0.014036530000000005,0.014427165,0.008645905,0.007916703333333334,0.0079688,0.008359405000000002
0.008437548333333334,0.010156320000000002,0.014505311666666663,0.014843863333333332,0.009531325000000002,0.008307340000000002,0.008046918333333335,0.007447951666666666
0.007916708333333331,0.008802143333333333,0.013359473333333337,0.012213606666666672,0.008671936666666668,0.008671926666666666,0.007630249999999998,0.008203160000000001
0.008828164999999999,0.009765698333333333,0.015286583333333322,0.012604263333333336,0.009088606666666667,0.00906258,0.007916706666666667,0.008125046666666667
0.008619841666666668,0.009349005,0.014036540000000002,0.01291675166666667,0.008593806666666665,0.008593796666666667,0.008046925000000002,0.008125035
0.009010471666666667,0.009166720000000001,0.012682368333333338,0.014401095,0.009375065,0.008359431666666667,0.007812531666666667,0.007682323333333334
0.008333386666666666,0.009010486666666668,0.014791761666666663,0.012630298333333338,0.009479225,0.00815109,0.0075521266666666665,0.008046913333333334
0.008697965,0.009062565,0.012604255000000005,0.012291758333333338,0.009505266666666668,0.008541716666666668,0.007786511666666667,0.007395891666666667
0.007942745000000001,0.009557351666666668,0.013802158333333333,0.012734485000000005,0.009479223333333335,0.008619856666666667,0.007994838333333334,0.008177118333333334
0.007812531666666667,0.009947966666666667,0.012734466666666671,0.012734465000000007,0.008724008333333337,0.008385468333333333,0.007604205000000001,0.00791671
0.008229195000000002,0.010677155000000002,0.013593835000000004,0.012526118333333336,0.009375073333333334,0.008203163333333334,0.007812551666666667,0.00742191
0.009270888333333335,0.009974031666666668,0.013932376666666668,0.013645910000000002,0.00911464,0.008515668333333335,0.007656268333333333,0.007708371666666666
0.007708356666666667,0.009531303333333335,0.012578215000000005,0.01304695166666667,0.008567763333333336,0.008489638333333334,0.007161501666666668,0.00763024
0.008411496666666667,0.009244871666666666,0.013567791666666669,0.012786555000000003,0.009192776666666668,0.008151081666666666,0.007656294999999999,0.007708371666666666
0.008281286666666665,0.010546960000000003,0.013698,0.013411538333333339,0.008750066666666667,0.008020883333333333,0.007968788333333332,0.008072960000000002
0.008567761666666666,0.009244848333333335,0.013828218333333338,0.012395925000000004,0.007916705,0.008463578333333333,0.008046915,0.008203158333333335
0.008385468333333332,0.010156313333333335,0.012890710000000001,0.014088658333333335,0.009036521666666667,0.007708356666666667,0.007968785,0.007968796666666667
0.008619833333333334,0.009036518333333333,0.013046945000000002,0.011718825000000002,0.008541728333333333,0.00833337666666667,0.007343791666666665,0.007734406666666666
0.008359430000000001,0.009505263333333333,0.011458406666666669,0.011718833333333336,0.008697976666666666,0.008463596666666668,0.008072955000000001,0.00828129
0.008359423333333333,0.009687548333333336,0.012682375000000003,0.012421955,0.009114655000000001,0.008177118333333335,0.007994823333333335,0.007578168333333332
0.008750055,0.009349025000000002,0.01255217166666667,0.011093815000000002,0.00895839,0.008697974999999998,0.007343794999999999,0.008645886666666667
0.008619841666666668,0.009583396666666666,0.011041748333333335,0.011875085000000002,0.008724013333333336,0.008020863333333333,0.008046923333333332,0.007864638333333333
0.008437556666666667,0.00940109,0.01080736666666667,0.011354236666666668,0.008489626666666668,0.00838547,0.008125035,0.007838578333333332
0.007968789999999998,0.009427125000000001,0.011406311666666669,0.011145923333333339,0.008463578333333334,0.007812543333333331,0.007760464999999999,0.007890665
0.009166725,0.009974015000000003,0.010885490000000003,0.010078190000000002,0.00861983,0.008671906666666668,0.007968796666666665,0.007604186666666666
0.008828164999999999,0.009270893333333334,0.010963605000000001,0.00932298,0.008541710000000001,0.008281283333333335,0.008020876666666666,0.008020866666666666
0.008463595,0.009869856666666668,0.011276120000000004,0.010364648333333336,0.00888026,0.008333373333333335,0.008046908333333333,0.00763024
0.008750069999999999,0.009765710000000002,0.011640703333333337,0.009791726666666669,0.009036513333333334,0.007604203333333333,0.008229203333333332,0.008072953333333332
0.008203153333333333,0.008958403333333335,0.012109438333333337,0.009843830000000001,0.008645875,0.008411513333333334,0.007447943333333334,0.008046911666666667
0.008255245,0.010156323333333335,0.01111986666666667,0.01091152666666667,0.008619851666666666,0.008671924999999999,0.008177108333333334,0.007552106666666667
0.008645861666666666,0.009401098333333333,0.010442766666666669,0.009661535000000002,0.00906255666666667,0.007968791666666667,0.008359413333333334,0.007109395000000001
0.007994845,0.009947990000000002,0.010338610000000002,0.008906308333333335,0.008307326666666667,0.007786506666666666,0.007526080000000001,0.007109391666666668
0.008724013333333334,0.009270893333333334,0.011614668333333338,0.009713603333333333,0.008776083333333334,0.008489651666666669,0.007369818333333334,0.007916691666666668
0.008333380000000001,0.009296933333333333,0.010312556666666667,0.008697970000000001,0.009218808333333333,0.007291701666666666,0.008281278333333333,0.007500038333333333
0.008177116666666666,0.009140688333333334,0.010052155000000002,0.00861986,0.00911463166666667,0.008437556666666669,0.007656289999999998,0.007682331666666666
0.008541711666666665,0.009270875000000001,0.010729235000000002,0.008099021666666666,0.00843756,0.008463606666666665,0.007473986666666667,0.007395871666666667
0.0077865066666666675,0.008619845000000001,0.011041745000000004,0.009427151666666668,0.008281283333333334,0.00817713,0.007786498333333334,0.007942741666666666
0.008125045000000001,0.009713585000000002,0.010026108333333335,0.008385456666666666,0.00885422,0.008437533333333334,0.008125043333333333,0.007604204999999999
0.009036525,0.009713613333333334,0.010755271666666668,0.009062538333333333,0.008776081666666666,0.008177126666666666,0.008177120000000001,0.007942736666666667
0.00859381,0.009713610000000001,0.011458410000000004,0.010364660000000001,0.008958376666666667,0.008411508333333335,0.007421921666666666,0.007968795
0.008437548333333333,0.00963549,0.011770925000000005,0.010208421666666669,0.009036506666666668,0.008567758333333335,0.00783858,0.007916713333333334
0.008802125,0.009453190000000002,0.011901146666666673,0.010026120000000003,0.008489636666666666,0.008437548333333333,0.007994833333333333,0.007369823333333335
0.008645890000000002,0.008958381666666668,0.011119846666666669,0.009244863333333334,0.009505268333333334,0.007786513333333332,0.008724021666666667,0.0073177450000000005
0.00812504,0.009765681666666668,0.011041705000000002,0.010312570000000002,0.009036526666666666,0.007630244999999999,0.008151083333333333,0.008229208333333333
0.008697966666666668,0.009375053333333334,0.01174487666666667,0.009817776666666667,0.008567736666666667,0.008203156666666666,0.007994844999999999,0.008541721666666667
0.0077344200000000005,0.009401105,0.010625076666666669,0.009791726666666669,0.009192765000000002,0.007864636666666668,0.007500036666666666,0.00807297
0.008723998333333335,0.009166731666666667,0.01125008166666667,0.008958393333333335,0.008567756666666667,0.008307333333333333,0.007864635,0.008125045000000001
0.008411486666666667,0.009557348333333335,0.011119870000000002,0.009348998333333334,0.009062541666666668,0.008359428333333335,0.00812503,0.007838575
0.008020863333333333,0.00921880666666667,0.010390676666666668,0.009479231666666667,0.009140696666666668,0.009479218333333332,0.007812546666666668,0.007916698333333333
0.007838585,0.009375048333333332,0.010677148333333336,0.008880265000000002,0.009036521666666667,0.008489631666666667,0.007604211666666666,0.007968796666666667
0.008567773333333334,0.009192764999999999,0.010208408333333335,0.010156308333333336,0.00921879,0.007760448333333334,0.008203175,0.008359425000000002
0.008177116666666668,0.010182340000000002,0.011302180000000005,0.010651123333333335,0.009505256666666668,0.008307328333333334,0.0077604549999999994,0.007968786666666667
0.008463576666666668,0.010208416666666668,0.01078133166666667,0.011171938333333336,0.009453186666666667,0.0080469,0.008541703333333333,0.008281295000000001
0.008750043333333334,0.010026106666666668,0.011432385000000002,0.010208415000000004,0.008750049999999999,0.008697973333333333,0.007916713333333332,0.007942759999999998
0.00856774,0.00859379,0.013489670000000006,0.011849040000000005,0.008828185,0.008489646666666666,0.007838576666666668,0.008593798333333335
0.009427156666666667,0.010338608333333337,0.01270840666666667,0.011744890000000004,0.009713603333333334,0.008567761666666668,0.007526085,0.008671928333333334
0.010468811666666668,0.009609418333333335,0.011901133333333338,0.010677140000000002,0.00820316,0.008125045000000001,0.007708368333333334,0.008151081666666666
0.010000085000000002,0.010286518333333338,0.011406328333333337,0.011067800000000004,0.009192773333333333,0.008489631666666666,0.008125038333333334,0.008229203333333332
0.010911521666666672,0.010494855,0.012421950000000001,0.011041748333333337,0.008984441666666669,0.008932349999999999,0.008724005,0.008515668333333332
0.010338616666666668,0.010156310000000002,0.011536520000000003,0.009843820000000001,0.009375058333333334,0.008854218333333334,0.00789067,0.008229214999999998
0.011614653333333336,0.010026100000000003,0.01309905166666667,0.011145908333333336,0.009088596666666669,0.008984434999999999,0.007526066666666667,0.008619833333333334
0.013072978333333336,0.010963615000000003,0.014557396666666668,0.013385503333333337,0.009401091666666668,0.008411488333333333,0.008307333333333333,0.008307328333333334
0.012578175000000004,0.010234431666666668,0.01046881666666667,0.011849046666666668,0.009270888333333333,0.007682338333333333,0.0074739916666666665,0.008203155
0.010286511666666668,0.00921881666666667,0.01223966666666667,0.013255308333333337,0.010078188333333337,0.007786509999999998,0.008437521666666668,0.008072953333333334
0.009635478333333334,0.009687565,0.009974023333333337,0.011510478333333336,0.00906256,0.008229211666666666,0.00747398,0.007239605
0.009974028333333334,0.00937505666666667,0.012786516666666673,0.010078200000000002,0.00859378,0.007994828333333332,0.007552118333333334,0.0076042
0.01091153166666667,0.00966151,0.009661535000000002,0.009974003333333335,0.008645885,0.008255256666666667,0.007604194999999999,0.007552111666666667
0.011562590000000005,0.010260493333333336,0.010130265000000001,0.009505254999999999,0.008880276666666666,0.008046918333333333,0.007291713333333334,0.0072916983333333315
0.008984429999999998,0.009687575000000002,0.009270896666666669,0.008854228333333335,0.0075781500000000005,0.008151070000000002,0.007083355,0.007447948333333333
0.009349031666666669,0.009270895000000003,0.009739668333333335,0.009687571666666669,0.008307345,0.008671934999999999,0.007474,0.0072916816666666676
0.009270895000000001,0.008724008333333335,0.009401093333333332,0.010286526666666669,0.008567758333333333,0.008125054999999999,0.0077865,0.007968785
0.009453163333333334,0.009974025000000001,0.012812588333333336,0.009166731666666669,0.008229213333333332,0.008828185,0.007369823333333335,0.007343779999999999
0.009557330000000003,0.01049487166666667,0.013776085000000004,0.0097136,0.00893234,0.008203161666666665,0.008046911666666667,0.007552123333333333
0.009401095000000002,0.00950527,0.00942714,0.009583423333333336,0.008151085,0.007656288333333336,0.0076823333333333335,0.007500026666666666
0.012343828333333336,0.009453183333333335,0.00955735,0.009531300000000003,0.008593801666666666,0.007395860000000002,0.007890663333333332,0.007630239999999998
0.010260461666666668,0.009635488333333334,0.009427145000000001,0.008984430000000002,0.008333373333333333,0.008151076666666666,0.008229206666666666,0.007682329999999999
0.009791720000000002,0.009557341666666668,0.009817766666666667,0.009583386666666667,0.00812503833333333,0.008099005000000001,0.007578161666666666,0.007083356666666667
0.008828175,0.009505271666666667,0.009609416666666669,0.008645886666666665,0.007604194999999999,0.008203175,0.007135441666666666,0.007968786666666667
0.009270885,0.009843816666666668,0.00875005,0.009088595000000001,0.008724016666666667,0.007447936666666667,0.007578148333333334,0.007890663333333334
0.008567745,0.009687573333333335,0.01156253666666667,0.009895916666666667,0.008515663333333335,0.008046911666666667,0.007994841666666667,0.007343783333333332
0.009036530000000001,0.00934903,0.00942715,0.00921881166666667,0.008932345,0.008151086666666666,0.008072956666666666,0.007578146666666666
0.009531318333333334,0.009322983333333333,0.008958393333333333,0.008437545,0.008099008333333333,0.007604204999999999,0.007994845,0.00723961
0.009661523333333333,0.009401103333333336,0.0087761,0.008776096666666667,0.008151085,0.007994826666666666,0.007213584999999999,0.007421911666666666
0.008984423333333335,0.00973966333333334,0.008645881666666667,0.00822921,0.008828163333333335,0.007421903333333333,0.00742191,0.007239615
0.008567758333333337,0.009088583333333332,0.009557361666666668,0.007812523333333333,0.007864621666666667,0.007968796666666667,0.007786481666666667,0.007239616666666667
0.008203158333333333,0.00942713166666667,0.009322986666666668,0.00822922,0.008619835000000001,0.008020883333333334,0.007343776666666668,0.007968783333333333
0.008776083333333335,0.009010466666666666,0.009531311666666669,0.008984435,0.00861982,0.007994843333333333,0.007343778333333333,0.007421899999999999
0.008229208333333333,0.009166726666666668,0.009375060000000001,0.007682330000000001,0.008177111666666665,0.007395885,0.007968776666666667,0.007109391666666666
0.008880260000000001,0.009661508333333336,0.009218805,0.008619828333333334,0.008671923333333335,0.007890665,0.007968785,0.0074479516666666684
0.011849043333333338,0.009765683333333334,0.009218791666666669,0.008099006666666667,0.008229206666666666,0.008177123333333331,0.007135456666666666,0.007760468333333334
0.009140675,0.009218805000000002,0.008984436666666666,0.007760443333333334,0.008411511666666665,0.0077344200000000005,0.007942758333333334,0.008046901666666667
0.008489631666666667,0.008724018333333333,0.009322976666666668,0.008671915,0.007942738333333333,0.007187515,0.0076562999999999996,0.0074479383333333335
0.008619831666666666,0.010026096666666666,0.009010468333333334,0.007786488333333333,0.007682320000000001,0.008411506666666667,0.007812553333333333,0.007421911666666669
0.008724,0.009817781666666667,0.009479226666666668,0.008072965,0.00833337666666667,0.008593798333333335,0.0074739916666666665,0.0076042
0.009114631666666668,0.009687566666666668,0.008802134999999999,0.008463591666666666,0.008515671666666665,0.008255245,0.0079688,0.007161488333333333
0.009401091666666667,0.009322981666666667,0.009322966666666667,0.0079167,0.008151095000000002,0.008203178333333335,0.008411505000000001,0.007109401666666666
0.009114635,0.009296936666666665,0.008724023333333334,0.008072968333333333,0.008203175000000002,0.007786518333333333,0.008229205,0.007265646666666667
0.008750033333333334,0.009010463333333335,0.009791733333333334,0.007057324999999999,0.008984428333333334,0.008072954999999998,0.007057323333333333,0.007239598333333334
0.009427135000000001,0.008984431666666666,0.009505276666666666,0.007786514999999999,0.008463605,0.008463578333333334,0.007317728333333333,0.007473984999999999
0.008750051666666668,0.0090886,0.009453191666666668,0.007994840000000001,0.008489625,0.008046910000000001,0.0076562866666666654,0.0076042049999999976
0.008828180000000001,0.009114606666666667,0.00875005,0.009296933333333335,0.008333385,0.007890663333333332,0.007239623333333333,0.007630243333333334
0.0076302366666666675,0.009036503333333334,0.009062538333333333,0.008750053333333334,0.008880268333333335,0.008229213333333332,0.0074479433333333326,0.007291693333333334
0.008359413333333333,0.008723993333333334,0.008307348333333332,0.008385466666666667,0.008463576666666667,0.008098993333333334,0.007890668333333331,0.006979195
0.007656288333333333,0.009088601666666666,0.009140683333333333,0.007812541666666666,0.008932349999999999,0.008385461666666667,0.007604216666666666,0.007473983333333334
0.007604188333333334,0.009062548333333333,0.00875004,0.007187528333333333,0.008541729999999999,0.007994833333333331,0.007578159999999999,0.007864626666666668
0.007395865,0.008385476666666667,0.008463601666666667,0.008333388333333332,0.008489638333333334,0.007369820000000001,0.007474,0.008203163333333333
0.008229219999999999,0.008359421666666665,0.008593791666666666,0.007812526666666667,0.007864628333333333,0.007864620000000001,0.007916695,0.007864623333333333
0.007291700000000002,0.008515671666666669,0.008541711666666667,0.008307340000000002,0.0077604583333333345,0.007838581666666667,0.007916696666666667,0.007421898333333334
0.00794276,0.008541710000000001,0.008697966666666668,0.007942748333333331,0.008437548333333334,0.008046916666666666,0.00783857,0.007708363333333333
0.006953148333333332,0.008177118333333334,0.008463601666666666,0.007968805,0.007526079999999999,0.007473978333333335,0.007968790000000002,0.007109386666666667
0.006796895,0.008958405000000001,0.008359413333333333,0.008020868333333334,0.007604195000000001,0.008020871666666667,0.007500026666666666,0.007473981666666666
0.007942735000000001,0.008020878333333334,0.008723996666666666,0.006953141666666666,0.008046916666666666,0.007968771666666668,0.007552106666666667,0.007343781666666667
0.007604204999999999,0.008281293333333333,0.009322951666666668,0.0077083683333333325,0.007994833333333333,0.007994826666666666,0.007473993333333334,0.007447941666666667
0.0076042083333333335,0.008802138333333334,0.00880215,0.007942738333333333,0.008385453333333334,0.007942751666666666,0.006796893333333334,0.007317726666666668
0.007526075,0.007812528333333334,0.008229191666666667,0.007812524999999999,0.007916696666666667,0.00802086,0.0068489833333333335,0.007473983333333334
0.007343783333333332,0.008437543333333334,0.008281288333333334,0.007395873333333335,0.007500043333333334,0.007630241666666667,0.007578161666666667,0.00750002
0.007031271666666667,0.008671934999999999,0.008697958333333334,0.007135440000000001,0.008177123333333333,0.008203173333333333,0.007265664999999999,0.007291688333333332
0.007031288333333332,0.008229238333333333,0.009114633333333334,0.00796879,0.008724003333333334,0.00859381,0.0075260649999999985,0.007291685
0.007578158333333332,0.008307325,0.007916705000000001,0.00794276,0.008151076666666666,0.0075260733333333335,0.007317738333333335,0.007604203333333333
0.0072396100000000005,0.007447951666666667,0.009192751666666669,0.007604198333333332,0.008567763333333336,0.008099005000000001,0.007395856666666667,0.007187531666666667
0.007109401666666668,0.00812504,0.008229213333333334,0.007291696666666667,0.008333381666666665,0.008020878333333332,0.007656266666666667,0.007395856666666666
0.007552101666666667,0.008229205,0.008307343333333335,0.007317751666666668,0.007916705,0.007812533333333333,0.007604213333333333,0.007500021666666667
0.007343775,0.008177116666666666,0.008802131666666668,0.007786493333333333,0.0082813,0.007708360000000001,0.007395848333333332,0.0069791816666666655
0.006770860000000001,0.007734415,0.008671923333333333,0.0076562866666666654,0.007890661666666667,0.007526061666666667,0.007421906666666667,0.007708373333333333
0.007864603333333333,0.008333388333333334,0.008880263333333334,0.0074219149999999985,0.007369829999999999,0.008489620000000002,0.007057313333333333,0.00750002
0.0074218949999999995,0.007994831666666667,0.008723986666666668,0.008099006666666665,0.008411498333333333,0.007526085000000002,0.007239611666666666,0.007317736666666668
0.007031254999999999,0.008177123333333333,0.008593788333333333,0.007552121666666667,0.008125045,0.007994841666666667,0.007213570000000001,0.0071093883333333335
0.007395858333333332,0.008697961666666667,0.008724008333333333,0.0077343950000000015,0.007708375,0.008098978333333335,0.0075521216666666665,0.007500036666666667
0.0073177316666666655,0.008203155,0.008229211666666666,0.00765629,0.008229193333333332,0.00731774,0.007161496666666664,0.008072948333333333
0.0076562816666666655,0.008307336666666667,0.008619843333333335,0.007682325,0.007916700000000002,0.008203153333333333,0.00781254,0.006848974999999999
0.00776045,0.00864589,0.008463593333333333,0.007630255000000001,0.007786496666666666,0.007760453333333333,0.007604203333333333,0.007083351666666666
0.007005225000000001,0.008723996666666668,0.008671926666666668,0.008098993333333332,0.008359423333333331,0.007630238333333333,0.00721356,0.007057315000000001
0.007630251666666664,0.00783858,0.008697958333333334,0.007473981666666666,0.007968771666666668,0.0076302266666666676,0.007317738333333335,0.006744808333333333
0.007526073333333332,0.008281306666666667,0.008359426666666666,0.007395863333333333,0.007708371666666666,0.00789068,0.008177136666666666,0.007552098333333334
0.0077344116666666655,0.008229206666666667,0.008463593333333333,0.006588566666666667,0.008463593333333333,0.007265649999999999,0.007630243333333332,0.007291693333333332
0.007838578333333334,0.008333381666666665,0.008776085,0.007187525,0.007630246666666666,0.007994821666666667,0.008125031666666666,0.007187513333333334
0.007473983333333332,0.008281288333333336,0.008463588333333334,0.007760446666666668,0.007916713333333332,0.008125043333333333,0.007447959999999998,0.007395863333333333
0.00684897,0.007473996666666666,0.008567755,0.007812533333333333,0.007760453333333333,0.007265655000000001,0.0072656583333333335,0.007421898333333334
0.006796895,0.008437545000000001,0.008541715,0.007239626666666667,0.007812534999999999,0.00718753,0.007812545000000002,0.007473978333333333
0.007239608333333334,0.007395885,0.008828165,0.007500029999999999,0.008203170000000001,0.007786494999999999,0.007265656666666667,0.007864611666666667
0.0076041983333333335,0.007916706666666665,0.008854220000000001,0.0076563066666666645,0.008255235000000001,0.008020870000000003,0.007552119999999999,0.007187525
0.006692733333333334,0.008333376666666668,0.008020883333333333,0.0074218949999999995,0.008385453333333332,0.007786498333333333,0.007500023333333334,0.007552115
0.006979198333333335,0.008229219999999999,0.008984414999999999,0.007578153333333335,0.008567746666666667,0.007916695,0.007760456666666665,0.007604186666666668
0.007291716666666665,0.008020868333333332,0.008906299999999999,0.008098986666666667,0.008020863333333333,0.007786501666666668,0.007395858333333332,0.007395849999999999
0.007395858333333332,0.007760451666666667,0.008437541666666666,0.007656284999999999,0.007630248333333333,0.007942743333333334,0.007473994999999999,0.007447933333333333
0.007656280000000001,0.009010471666666667,0.008645878333333334,0.007864621666666667,0.007500049999999999,0.007890641666666668,0.007057333333333333,0.0071093983333333334
0.007473976666666667,0.007552118333333334,0.008802125,0.008125035000000001,0.007890663333333332,0.007395868333333334,0.007838576666666668,0.007786488333333333
0.0073437749999999994,0.008177126666666666,0.008333398333333335,0.007473993333333334,0.007942743333333332,0.007708376666666667,0.007005228333333333,0.007343779999999999
0.007395858333333334,0.008177133333333333,0.008385456666666668,0.007447945000000001,0.008567755,0.007838573333333333,0.007500028333333333,0.007291676666666667
0.007500038333333333,0.00841151,0.008515675,0.007604193333333333,0.008177121666666667,0.007968793333333331,0.006848978333333334,0.00721356
0.007500033333333334,0.008177126666666668,0.007734405,0.007734410000000001,0.007604198333333332,0.007317733333333332,0.007473984999999999,0.0069271083333333336
0.007343773333333334,0.007890650000000003,0.008828168333333336,0.008046908333333333,0.008515678333333334,0.007656283333333335,0.007890653333333334,0.007708363333333333
0.006979178333333333,0.008229198333333333,0.008385453333333334,0.007630238333333334,0.008177130000000001,0.007812530000000002,0.007369815,0.0070833450000000004
0.007890655,0.008463581666666668,0.00846358,0.007604194999999999,0.008020863333333333,0.008359408333333334,0.007734408333333334,0.007317733333333334
0.006927108333333333,0.008724006666666667,0.008437555000000001,0.007526068333333334,0.008177123333333333,0.007708370000000001,0.008072954999999998,0.007317731666666667
0.006901063333333333,0.008437548333333334,0.008359408333333334,0.007552130000000001,0.008385473333333334,0.008125033333333333,0.007656288333333333,0.007552108333333334
0.007213553333333333,0.008229218333333333,0.008385450000000001,0.007656275000000001,0.00851566,0.008411496666666666,0.0075000250000000004,0.007213566666666667
0.007473986666666667,0.008229203333333334,0.008619843333333333,0.007890661666666667,0.007968798333333332,0.007838583333333331,0.00744794,0.007838586666666668
0.007135435000000001,0.008333366666666666,0.008333400000000001,0.008125055,0.008020861666666667,0.007838576666666666,0.0074479433333333326,0.007265650000000002
0.007578141666666667,0.007890653333333334,0.009375053333333334,0.007031278333333334,0.008203176666666666,0.007890649999999999,0.008255256666666665,0.007083355
0.007213563333333335,0.007786486666666666,0.009088575,0.007265651666666666,0.008072955,0.008515671666666667,0.00742191,0.007109391666666668
0.007760449999999999,0.007526065,0.008359421666666665,0.007812524999999999,0.007994836666666666,0.008125035000000001,0.0071875333333333334,0.007734393333333333
0.007578146666666666,0.007317733333333334,0.008020876666666666,0.008385458333333333,0.007942736666666667,0.007630235000000001,0.0069271083333333336,0.00721357
0.007343763333333334,0.008333371666666667,0.007578156666666666,0.0076562866666666654,0.008281291666666668,0.007708355000000002,0.0074479533333333325,0.007057314999999999
0.007395860000000001,0.008072958333333333,0.008567755,0.007708370000000001,0.008723991666666667,0.0076823333333333335,0.007369811666666667,0.007786486666666666
0.006770849999999999,0.008177123333333335,0.008593793333333334,0.007916693333333332,0.008072958333333333,0.007812530000000002,0.007552108333333335,0.006744814999999999
0.007265648333333332,0.008671905,0.008229199999999999,0.007239614999999999,0.007656276666666667,0.010520905000000002,0.007812529999999998,0.007291693333333334
0.0076562816666666655,0.007500033333333334,0.008593801666666666,0.007630246666666667,0.008307340000000002,0.007708370000000001,0.007578153333333333,0.00765628
0.007213576666666667,0.007552123333333331,0.008619821666666668,0.007968791666666667,0.008437541666666666,0.010599038333333335,0.007395865,0.007343768333333333
0.006796890000000001,0.008541710000000001,0.008333383333333335,0.007734401666666667,0.008750046666666667,0.008671926666666666,0.0070052383333333345,0.007395865
0.0071614766666666645,0.00885421666666667,0.008515666666666668,0.007890649999999999,0.00848964,0.007916706666666667,0.007421891666666667,0.007421909999999999
0.0077864933333333325,0.007942738333333333,0.008125036666666668,0.008489641666666664,0.0075000250000000004,0.0077083683333333325,0.007734409999999999,0.007369814999999999
0.007708361666666666,0.008203166666666666,0.008020863333333334,0.007968784999999999,0.008593805,0.009531280000000001,0.007369825,0.007083361666666666
0.007291693333333334,0.008619845,0.008281308333333334,0.007734401666666667,0.00848963,0.007968783333333333,0.007317731666666667,0.00763024
0.007552113333333333,0.008567761666666666,0.008697970000000001,0.006979198333333333,0.007630248333333334,0.008567758333333333,0.007317736666666666,0.007838571666666667
0.00778649,0.008151085,0.008255258333333333,0.0076562950000000005,0.007994828333333332,0.008203186666666666,0.007395861666666666,0.007916703333333332
0.007630245000000001,0.008463588333333332,0.008828169999999998,0.007994813333333335,0.008411506666666664,0.008281298333333333,0.007864613333333333,0.007161476666666666
0.007682329999999999,0.008489626666666666,0.008541725,0.007760443333333333,0.007786503333333333,0.008098985,0.0074219133333333345,0.007265666666666668
0.007343778333333333,0.008411501666666666,0.008203176666666666,0.007786496666666666,0.007890666666666666,0.007994831666666667,0.007343783333333332,0.0077864933333333325
0.007343791666666667,0.008411505000000001,0.0084115,0.007968776666666667,0.008151085,0.007812524999999999,0.006901073333333333,0.006927115
0.007161483333333334,0.008515665,0.008411506666666665,0.007864626666666666,0.008515663333333335,0.008177123333333335,0.0074479633333333324,0.0072916966666666675
0.007317728333333333,0.007578166666666665,0.008333388333333332,0.007682323333333332,0.007447941666666666,0.007734403333333333,0.007890656666666667,0.007161476666666666
0.007473988333333333,0.009296926666666669,0.008359425,0.008203173333333334,0.008229216666666666,0.0079167,0.0075260633333333335,0.006848971666666665
0.007213586666666666,0.008437555,0.00911464166666667,0.007500031666666668,0.008125033333333333,0.00783858,0.007265661666666668,0.007942738333333333
0.007604191666666666,0.007890664999999998,0.007786493333333333,0.008020873333333333,0.008151085,0.007578153333333333,0.0073177450000000005,0.007838571666666667
0.007395876666666667,0.007968791666666667,0.008125041666666666,0.008020871666666667,0.007916708333333333,0.008125025000000001,0.007421906666666667,0.006901073333333335
0.007395850000000001,0.007994831666666667,0.008255241666666668,0.007239603333333333,0.007968786666666667,0.007421914999999999,0.007369823333333333,0.007786485000000001
0.007578168333333334,0.008125048333333332,0.008359398333333334,0.008619846666666667,0.007812544999999999,0.008333375000000002,0.006614603333333334,0.007291693333333332
0.0070573166666666656,0.007760446666666666,0.008437535000000001,0.007994843333333333,0.007760455000000001,0.007786491666666667,0.006953140000000001,0.007630246666666667
0.007630234999999999,0.007916709999999999,0.008567755000000002,0.007708383333333333,0.008802136666666668,0.007630238333333333,0.007343775,0.006614598333333333
0.007369825,0.007656298333333333,0.009088581666666668,0.008203156666666666,0.008619841666666666,0.008255256666666665,0.007786498333333333,0.007343779999999999
0.007812530000000002,0.008203165000000002,0.008750039999999999,0.008151088333333332,0.007473994999999999,0.007786496666666668,0.0077864933333333325,0.007343776666666666
0.007552105,0.008307349999999998,0.007916713333333332,0.008099,0.008177136666666668,0.008359415,0.007239626666666667,0.007526079999999998
0.007708371666666666,0.007526079999999999,0.008645873333333335,0.007994823333333331,0.008020876666666668,0.00799482,0.007109400000000001,0.007942748333333333
0.008203165000000002,0.007734409999999999,0.008151088333333332,0.007265653333333334,0.007968783333333333,0.007916691666666666,0.007161485000000002,0.006796895
0.0077083716666666675,0.008255253333333334,0.008619833333333334,0.007734411666666667,0.008593793333333336,0.008307333333333335,0.0073437783333333345,0.007708371666666666
0.008046903333333334,0.007656278333333335,0.008697956666666668,0.007968798333333332,0.008724005,0.007500034999999999,0.007578141666666667,0.00781254
0.007604204999999999,0.007473996666666667,0.008671921666666669,0.008020864999999999,0.008072971666666666,0.0077083716666666675,0.007317738333333331,0.007760451666666669
0.007786495000000001,0.007812533333333333,0.008437555000000001,0.008489625,0.008151073333333333,0.007474006666666667,0.006979193333333334,0.007838568333333332
0.007447951666666666,0.008411493333333334,0.008541713333333334,0.007864635,0.007578151666666667,0.008020866666666668,0.007734398333333334,0.0076562950000000005
0.007994833333333333,0.007734413333333333,0.008203170000000001,0.007447943333333334,0.00729171,0.0074219,0.007552106666666666,0.007343778333333333
0.006901066666666665,0.007317726666666668,0.008229218333333333,0.007421906666666668,0.007916711666666666,0.00783858,0.007291696666666667,0.007500035
0.007630248333333333,0.007942746666666667,0.008281278333333333,0.00843754,0.008619833333333334,0.0079688,0.006875033333333333,0.007864603333333333
0.007578156666666666,0.007890676666666667,0.008619846666666669,0.007994836666666666,0.008020866666666666,0.007942761666666666,0.007135441666666667,0.007161488333333333
0.007213588333333332,0.008281295000000001,0.008463591666666668,0.0077604783333333335,0.008229206666666666,0.0077083716666666675,0.007395858333333332,0.007083365
0.007578163333333333,0.007630248333333333,0.008541711666666665,0.008593805,0.007838581666666667,0.007760458333333334,0.007317736666666665,0.007343783333333332
0.008151066666666667,0.00796879,0.008463583333333333,0.0076302516666666665,0.0079167,0.008020868333333334,0.007317738333333333,0.007473994999999999
0.007500035,0.007630234999999998,0.008854221666666665,0.007656279999999998,0.008151091666666667,0.007682336666666665,0.007031275000000002,0.007343776666666666
0.007552125,0.007604203333333333,0.008593803333333334,0.008359431666666665,0.008177134999999999,0.007317733333333334,0.0077344116666666655,0.007187521666666667
0.0064323233333333325,0.008307336666666667,0.008281301666666668,0.007317738333333333,0.008411515000000001,0.007760448333333332,0.007239615,0.007213568333333334
0.007395864999999999,0.007578156666666666,0.008463588333333332,0.007708373333333333,0.007968786666666667,0.007604184999999999,0.007317738333333331,0.008072948333333333
0.007760460000000002,0.007890656666666667,0.007916699999999997,0.007864635,0.007916706666666667,0.007994825000000002,0.007135435,0.007526071666666667
0.007265663333333333,0.008255256666666665,0.009036496666666666,0.007864624999999998,0.008854213333333333,0.007343783333333334,0.007239616666666667,0.007447936666666667
0.009036515000000002,0.008984425,0.008645885,0.007890666666666667,0.007864620000000001,0.007291695,0.007526059999999999,0.0072656583333333335
0.008437551666666666,0.008020886666666666,0.008359415,0.008151078333333332,0.008489638333333332,0.0072396066666666654,0.007239616666666665,0.0074219133333333345
0.007109406666666667,0.008437556666666667,0.008880253333333334,0.007317751666666665,0.007864621666666667,0.007786495000000001,0.007421901666666667,0.007291693333333332
0.008046931666666667,0.0077604449999999995,0.008307333333333333,0.008125038333333334,0.008515678333333334,0.007500021666666667,0.00765629,0.007526079999999999
0.006901061666666666,0.007656280000000001,0.008151081666666666,0.007395865,0.007552130000000001,0.007760445000000001,0.007187521666666665,0.007421914999999999
0.007968796666666667,0.008046903333333334,0.008177133333333331,0.008046911666666667,0.007552129999999999,0.007317728333333333,0.007187521666666665,0.006848981666666667
0.007708363333333333,0.007578166666666666,0.008177125,0.008437533333333335,0.007682331666666668,0.007760453333333333,0.00794275,0.007421891666666667
0.007421899999999999,0.007812548333333332,0.008072963333333334,0.00729171,0.007760456666666666,0.007994833333333331,0.006927101666666668,0.007057323333333333
0.008593783333333336,0.008151080000000002,0.008307326666666667,0.008619845000000001,0.007994836666666666,0.008020883333333333,0.006848976666666668,0.007317736666666666
0.007473975000000001,0.008489628333333334,0.008567758333333335,0.007552113333333333,0.008359433333333334,0.007786496666666666,0.007890668333333333,0.007473983333333334
0.007734413333333333,0.00763023,0.008151103333333333,0.008255248333333333,0.008099,0.0077083616666666676,0.007083368333333334,0.007083361666666666
0.009661520000000002,0.008671920000000001,0.00932297,0.008255253333333332,0.008072955,0.008281286666666667,0.007291704999999999,0.007135455000000001
0.009349013333333333,0.008437525000000001,0.009036501666666669,0.008307351666666664,0.006979206666666668,0.008072971666666666,0.007005233333333334,0.007604195000000001
0.008645875,0.009375051666666669,0.008671931666666667,0.008333373333333333,0.0084115,0.008046916666666666,0.007135446666666668,0.007083350000000001
0.008750055000000001,0.008333368333333334,0.009401110000000002,0.008255263333333332,0.009088601666666666,0.007656303333333332,0.00789067,0.0076042
0.008724003333333332,0.008046910000000001,0.008203189999999999,0.00838547,0.008567771666666665,0.007682330000000001,0.008020870000000001,0.007239621666666669
0.009270908333333334,0.007656291666666668,0.008880255,0.008072968333333331,0.008776073333333335,0.007812546666666666,0.0070312766666666675,0.007890656666666667
0.009661521666666667,0.008333366666666666,0.008333371666666665,0.008072963333333332,0.008281301666666668,0.008151083333333333,0.007395871666666666,0.007630241666666666
0.008932358333333335,0.008125045000000001,0.008802136666666667,0.008177130000000001,0.008125043333333333,0.007187536666666668,0.007265664999999998,0.007864605000000002
0.009140680000000002,0.007708368333333334,0.008906291666666668,0.008203173333333333,0.008151086666666666,0.00809899,0.007630256666666666,0.007812538333333332
0.008750051666666665,0.007864616666666668,0.008177140000000001,0.008307338333333332,0.007760461666666667,0.007500035,0.007682325,0.007291701666666666
0.008151088333333332,0.008333386666666666,0.00898442666666667,0.008203176666666666,0.007708373333333333,0.007578151666666666,0.007552106666666667,0.007473996666666667
0.00817711,0.008802148333333334,0.008645883333333335,0.008125048333333334,0.007994816666666666,0.008307355,0.007473985000000001,0.007812535
0.008463588333333332,0.008385471666666667,0.008541720000000001,0.00807295,0.008020873333333333,0.007682323333333334,0.007500034999999999,0.007526061666666668
0.009479235000000003,0.00921880166666667,0.008932345000000001,0.008255255000000001,0.008333383333333336,0.007682325,0.00781253,0.007395879999999999
0.008906303333333336,0.008593791666666668,0.00869796666666667,0.00856774666666667,0.008229195000000002,0.007682321666666666,0.007968791666666666,0.007942740000000002
0.008645895,0.008854225,0.008437536666666669,0.008229215,0.008072955,0.007656293333333334,0.007890649999999999,0.007161486666666666
0.00921881166666667,0.008567761666666666,0.009062565,0.008697958333333334,0.008724011666666668,0.007395878333333336,0.00718753,0.007447954999999999
0.008567743333333336,0.007942740000000002,0.008359410000000001,0.00723962,0.007812534999999999,0.007239593333333333,0.007578146666666666,0.007500038333333333
0.008515676666666668,0.008541705,0.008515685,0.007994834999999999,0.008255261666666666,0.008177131666666665,0.007552110000000001,0.007343781666666668
0.009869853333333335,0.008776088333333334,0.009166715,0.008437541666666666,0.008828175,0.007369830000000001,0.007057321666666666,0.007890661666666667
0.008802121666666668,0.008750055000000001,0.009088598333333335,0.008125048333333332,0.008072965000000001,0.0073177450000000005,0.007500034999999999,0.007083361666666668
0.008880254999999998,0.008463598333333332,0.008307335,0.007734408333333332,0.008307336666666667,0.007473988333333333,0.007213566666666667,0.007500026666666666
0.009765685,0.008619846666666667,0.00843755,0.009192761666666669,0.008281291666666668,0.0077865033333333325,0.007734401666666666,0.007239603333333333
0.009531321666666669,0.008515664999999999,0.008619845,0.007890669999999999,0.008151085,0.007838571666666667,0.00661461,0.007031283333333335
0.008932331666666668,0.008724024999999998,0.008984430000000002,0.007890671666666666,0.008203168333333333,0.007968795,0.007005234999999999,0.008281301666666664
0.01041672166666667,0.007786503333333333,0.009010485,0.00843757,0.007916696666666667,0.008046910000000003,0.007838571666666667,0.007708381666666666
0.008854213333333335,0.008515678333333334,0.008359431666666667,0.008177131666666665,0.007968798333333334,0.0072396066666666654,0.007552121666666667,0.007916710000000002
0.008697965,0.007864626666666668,0.008750039999999999,0.007734421666666667,0.008593781666666668,0.007734395,0.00731775,0.007057318333333336
0.011927156666666671,0.009010474999999999,0.009192755,0.008463586666666667,0.008046918333333333,0.007578161666666667,0.007369821666666665,0.007395873333333333
0.008333381666666667,0.008333385,0.008776086666666665,0.007916711666666666,0.007994830000000001,0.008359406666666666,0.007552118333333334,0.007317738333333331
0.007916713333333332,0.009557348333333335,0.026797035,0.009192768333333334,0.010234445000000002,0.009244853333333334,0.007760453333333334,0.007630248333333334
0.007552130000000001,0.008177118333333332,0.009218781666666669,0.010208396666666668,0.010078198333333337,0.007968778333333332,0.00760419,0.007291713333333332
0.007734418333333332,0.008072946666666666,0.008854221666666669,0.010416748333333335,0.009974005000000001,0.008463588333333336,0.007421914999999999,0.007994821666666667
0.007447961666666667,0.00807295,0.008750046666666667,0.009687555000000002,0.00929692,0.008489628333333334,0.00705731,0.007786501666666667
0.008151074999999999,0.0076041983333333335,0.009557351666666668,0.010755268333333337,0.009687568333333334,0.008619840000000002,0.007343773333333335,0.0074219033333333346
0.008229218333333333,0.007838595,0.008958359999999999,0.01052091166666667,0.009453198333333333,0.008411506666666665,0.007552105,0.007552121666666669
0.008307341666666666,0.008906298333333335,0.009635498333333332,0.009401088333333335,0.009505251666666669,0.008177121666666667,0.007421896666666665,0.007109401666666666
0.008385463333333334,0.008203163333333334,0.008645878333333336,0.009140685000000003,0.009218800000000001,0.00791672,0.00726566,0.007526078333333333
0.009036511666666667,0.009218800000000001,0.008359433333333333,0.00950527,0.009687553333333335,0.008359406666666668,0.00747399,0.007447943333333334
0.008489628333333334,0.008177135,0.00890629,0.009270889999999999,0.01065109166666667,0.008593803333333334,0.007265645,0.007838570000000001
0.008489620000000002,0.008437538333333335,0.009635478333333336,0.009895891666666667,0.00989590666666667,0.008229211666666665,0.007526081666666667,0.007291696666666667
0.008229228333333335,0.008463585000000001,0.009322973333333335,0.009635478333333334,0.009661543333333335,0.008046916666666667,0.007057315000000001,0.007500041666666666
0.008489631666666666,0.008463588333333334,0.008697964999999998,0.010885478333333337,0.009062559999999999,0.008307338333333334,0.0075521116666666666,0.007187534999999999
0.008385455,0.008046918333333332,0.009322981666666669,0.009192756666666668,0.009739641666666668,0.008099,0.0070052249999999995,0.007421896666666667
0.008437535000000001,0.008697973333333334,0.009088605000000001,0.010677158333333336,0.010078180000000003,0.008437565000000001,0.00820316,0.007421901666666666
0.008724015,0.009531296666666666,0.021562589999999996,0.010052153333333338,0.009270883333333335,0.008333378333333332,0.007916691666666666,0.009635488333333336
0.007864621666666667,0.00838546,0.017682430000000002,0.010572998333333335,0.009505266666666668,0.008281291666666664,0.007187525,0.007916713333333332
0.008489631666666667,0.008750053333333332,0.008515678333333335,0.010156318333333338,0.008645895,0.008307335,0.007109393333333334,0.008151083333333333
0.008645883333333335,0.007994821666666667,0.008828168333333334,0.010026086666666668,0.009843803333333335,0.008333381666666665,0.007760443333333333,0.007682321666666666
0.008567766666666667,0.008489636666666665,0.008958385000000001,0.009895911666666668,0.009010468333333334,0.007369821666666667,0.007526078333333334,0.00830733
0.00809901,0.008359408333333334,0.008750055,0.00973964,0.009843826666666666,0.008697963333333334,0.007864623333333333,0.007161485
0.007213566666666666,0.008671923333333333,0.009088596666666667,0.010833423333333335,0.010286528333333336,0.008333378333333332,0.007526068333333334,0.007213575
0.008020875000000002,0.008281293333333333,0.008854216666666666,0.009036511666666667,0.008932336666666667,0.00786462,0.007109396666666667,0.007369813333333332
0.008151103333333333,0.008541710000000001,0.009036498333333335,0.009713601666666669,0.009427143333333336,0.008255266666666665,0.007473978333333333,0.0074479433333333326
0.008046911666666667,0.00924487166666667,0.009635476666666669,0.010026096666666666,0.009635488333333336,0.008437548333333333,0.007708376666666667,0.007083348333333334
0.008645878333333334,0.008098991666666666,0.008255260000000002,0.010234440000000001,0.009765690000000002,0.008593791666666668,0.007057304999999999,0.00796879
0.008776095000000003,0.008463579999999998,0.008645888333333334,0.009791713333333334,0.009453198333333334,0.00861985,0.0076823183333333345,0.007291696666666667
0.007474005000000002,0.007864635000000002,0.009296935000000001,0.009218821666666668,0.008854231666666665,0.0082292,0.007213561666666667,0.0072396199999999996
0.008411501666666666,0.008437566666666669,0.009192770000000001,0.009687551666666667,0.008359418333333334,0.008046906666666666,0.007552123333333331,0.007447961666666666
0.007395860000000001,0.009062558333333333,0.010156303333333333,0.009453185,0.008724013333333332,0.008489621666666666,0.007838581666666667,0.007239616666666665
0.00859381,0.007682335,0.008359418333333334,0.009817765000000003,0.009401096666666667,0.008046925,0.0076041983333333335,0.007395846666666667
0.007994826666666666,0.008333363333333337,0.008541706666666666,0.010026118333333337,0.009375063333333334,0.008619845,0.007682320000000001,0.007109413333333334
0.008515665,0.008072973333333332,0.009244845000000002,0.009166708333333334,0.010260483333333336,0.008333371666666667,0.007968783333333333,0.00789066
0.007109406666666665,0.007864633333333334,0.00942713,0.008724018333333333,0.008281301666666666,0.01630222999999999,0.0075000150000000005,0.007083358333333334
0.007447953333333334,0.007526073333333335,0.00856776,0.008541708333333335,0.009218810000000001,0.015599061666666657,0.0073437933333333335,0.007343784999999999
0.007265661666666668,0.008515666666666664,0.009114628333333335,0.009270888333333333,0.008645875,0.015989666666666662,0.007760456666666666,0.007838570000000001
0.0072917,0.008515675,0.008645883333333333,0.008515673333333335,0.00882816,0.016588638333333322,0.007161476666666666,0.007109405000000001
0.007552093333333333,0.008567745,0.009270898333333335,0.009114641666666668,0.009244836666666669,0.013437590000000001,0.007630234999999999,0.007057326666666667
0.0073177350000000006,0.007916706666666667,0.008359438333333333,0.009010470000000001,0.008776085000000001,0.015260526666666661,0.008099003333333334,0.007421908333333332
0.008072961666666666,0.007916708333333335,0.02278659999999999,0.010078198333333335,0.008854205,0.014817795,0.007369819999999999,0.0068489783333333335
0.007526066666666666,0.007916703333333334,0.01911469166666666,0.009713593333333334,0.009296946666666668,0.015156328333333328,0.0073437699999999995,0.006562520000000001
0.007812545,0.008463586666666665,0.015026153333333327,0.009583398333333333,0.008906285000000002,0.010494838333333336,0.0075000299999999995,0.00781254
0.007473988333333333,0.008333368333333334,0.008125053333333333,0.008411521666666668,0.008697978333333335,0.02296882166666666,0.008072956666666666,0.007369815
0.007500031666666667,0.008281291666666666,0.008958396666666668,0.009635471666666668,0.008671924999999999,0.015963654999999986,0.008020860000000001,0.0074739900000000015
0.007630234999999999,0.009114673333333333,0.011041718333333336,0.009218805,0.008489638333333334,0.01828134166666666,0.007994821666666667,0.007083356666666667
0.007760438333333332,0.008099005,0.008671925,0.008854223333333335,0.009140676666666667,0.013515688333333336,0.007864606666666668,0.0074218949999999995
0.00783856,0.008046918333333333,0.01617193,0.009479224999999999,0.007734401666666667,0.008515668333333335,0.006744815,0.007473983333333334
0.0072656433333333345,0.009062544999999998,0.008645893333333333,0.009505278333333334,0.008828166666666666,0.008125054999999999,0.006796899999999999,0.007395861666666666
0.007161486666666666,0.007916701666666666,0.008958383333333335,0.008984424999999999,0.008567759999999999,0.007942741666666668,0.0073698183333333325,0.00763024
0.0070312783333333325,0.007916706666666667,0.007890661666666667,0.009062563333333334,0.007760473333333333,0.008151076666666666,0.007083373333333333,0.007083358333333332
0.007552123333333335,0.007838576666666668,0.008203175,0.008281295000000001,0.007994835,0.007812531666666666,0.0074739866666666665,0.007447945000000001
0.007500038333333333,0.00776046,0.008437536666666667,0.00875006,0.008125054999999999,0.007135453333333336,0.006953146666666668,0.006640663333333334
0.007916698333333333,0.008125038333333333,0.008880256666666666,0.009453185000000001,0.00872401666666667,0.007473981666666667,0.006770843333333334,0.00791669
0.010416735,0.008489621666666666,0.011197986666666668,0.009739663333333336,0.00804692,0.007578158333333334,0.007343776666666668,0.007239621666666666
0.010781345000000003,0.008984421666666667,0.01072924166666667,0.008750056666666667,0.008255243333333334,0.007942745,0.007187525,0.007838578333333332
0.010729216666666668,0.009192773333333333,0.009583406666666667,0.008750038333333333,0.0077344050000000015,0.007552101666666667,0.007135438333333333,0.007812534999999999
0.00932296166666667,0.008359421666666667,0.010026115000000002,0.009375063333333334,0.007682319999999999,0.007135448333333335,0.006744818333333333,0.008020868333333332
0.009088611666666666,0.00843755,0.009869855000000004,0.00914068,0.00744794,0.0071354466666666665,0.00791669,0.00726565
0.010390670000000001,0.009036506666666668,0.010755288333333335,0.008802116666666669,0.008671923333333335,0.007682318333333333,0.0071093966666666685,0.008203181666666668
0.009244843333333334,0.008359431666666665,0.010338601666666669,0.009531316666666668,0.008125036666666667,0.007734418333333332,0.007057328333333332,0.007395866666666668
0.010755291666666672,0.009218801666666667,0.009687561666666667,0.009296938333333334,0.008072948333333333,0.0075000250000000004,0.007213565,0.007890666666666667
0.010260483333333336,0.007942768333333333,0.010130285000000001,0.008750045,0.008177125,0.0075521166666666665,0.006119815000000001,0.007656288333333331
0.009036520000000003,0.007708389999999999,0.009843811666666669,0.008750063333333334,0.007890653333333332,0.0074219033333333346,0.0072916833333333325,0.0076302516666666665
0.010625076666666669,0.008463581666666666,0.010520905000000002,0.008697978333333333,0.008020870000000001,0.007708364999999998,0.0069531383333333325,0.007786498333333334
0.010104271666666668,0.008828193333333336,0.009765708333333335,0.008255253333333332,0.007942738333333333,0.0076562850000000005,0.007421893333333335,0.007682321666666668
0.010651115000000001,0.008515683333333333,0.010599020000000004,0.009244853333333336,0.008203163333333334,0.00708337,0.007630231666666667,0.007552118333333332
0.009974000000000002,0.008619843333333335,0.011328210000000005,0.010494845000000001,0.00765629,0.007604194999999999,0.007526071666666667,0.007526073333333332
0.009921920000000002,0.008619841666666666,0.011901118333333337,0.010416728333333337,0.008593801666666666,0.0076823283333333344,0.007057318333333332,0.007760446666666666
0.010234418333333335,0.008802123333333333,0.012864661666666671,0.011093845000000003,0.008958378333333334,0.007500050000000001,0.006953141666666666,0.007812528333333334
0.009375068333333333,0.00895838,0.013619890000000003,0.011302145000000003,0.007968798333333332,0.007760464999999999,0.0073177416666666655,0.00776045
0.009270891666666668,0.009375050000000003,0.012447978333333337,0.010599025,0.008046910000000001,0.007630231666666667,0.006822933333333333,0.007578161666666667
0.010000056666666667,0.008541711666666667,0.011927195000000003,0.011562583333333334,0.008099001666666666,0.008359418333333335,0.007343773333333334,0.007343786666666666
0.009869855,0.008854216666666666,0.012421955000000005,0.011380308333333337,0.008125031666666668,0.007291703333333334,0.0072135566666666675,0.007526071666666667
0.008802141666666666,0.008255261666666666,0.01080735666666667,0.009947976666666667,0.008281296666666669,0.007552126666666666,0.007265649999999999,0.00765628
0.009661516666666668,0.008203168333333333,0.012213618333333337,0.011953223333333339,0.007994838333333334,0.007656288333333333,0.006927115,0.008020865
0.009427151666666666,0.008906301666666666,0.011744865000000004,0.010885493333333334,0.00825523,0.007187531666666667,0.007109388333333333,0.008411513333333334
0.008072951666666666,0.00794277,0.01023443666666667,0.033125266666666695,0.012135513333333339,0.007968793333333333,0.006744815,0.00786462333333333
0.007578176666666666,0.008255266666666665,0.011484435000000003,0.03114606166666669,0.013750108333333339,0.008854225000000002,0.007656288333333333,0.007265668333333332
0.007916706666666667,0.008958400000000002,0.010859445000000002,0.036875295000000016,0.01348967666666667,0.009401100000000003,0.00776044,0.007083378333333332
0.007786488333333333,0.008489645,0.01114591666666667,0.035442955000000026,0.014323011666666663,0.008854231666666667,0.00747399,0.008072955000000001
0.008151078333333334,0.007838566666666668,0.010781328333333335,0.03656265833333336,0.013046958333333334,0.008880256666666668,0.007968789999999998,0.007369833333333333
0.007656288333333333,0.00848964,0.010625078333333336,0.03226588500000002,0.012994880000000007,0.00799483,0.007083355000000001,0.007968793333333331
0.00747399,0.008802148333333334,0.009322995000000002,0.03169290833333336,0.01218759166666667,0.00822923,0.006770843333333334,0.007447946666666668
0.007213578333333334,0.008151080000000002,0.01098966166666667,0.03838559333333334,0.013958430000000004,0.008541718333333333,0.00763023,0.007552106666666667
0.006953156666666667,0.007864616666666668,0.011224033333333336,0.031093848333333368,0.012421956666666671,0.009088628333333333,0.007500021666666667,0.0076042
0.0073437933333333335,0.008776076666666667,0.011197980000000003,0.035599186666666685,0.01265632166666667,0.008411518333333333,0.0075000150000000005,0.007447948333333332
0.008645874999999999,0.008541711666666667,0.010494855000000004,0.03473982500000002,0.011718833333333338,0.008177110000000001,0.0075000399999999995,0.007760446666666666
0.0075521166666666665,0.008385451666666667,0.011328205000000003,0.03184915833333336,0.012916766666666671,0.00890629,0.007369823333333333,0.007213570000000001
0.008020863333333331,0.00846359,0.010468830000000004,0.03598982333333336,0.012760478333333339,0.008437563333333334,0.007265663333333333,0.007890655
0.007630243333333334,0.00838546,0.01054696166666667,0.0317450266666667,0.012395928333333337,0.007656288333333334,0.007213563333333333,0.007473976666666667
0.007786501666666667,0.008281298333333334,0.011067768333333337,0.035130461666666696,0.013073028333333337,0.008880265,0.007656283333333332,0.007812545
0.007916703333333332,0.008281295,0.009661525,0.03708358333333334,0.011380295000000002,0.008072948333333335,0.007135443333333334,0.007994831666666667
0.0070052433333333336,0.008333370000000001,0.009843805000000004,0.03627628500000001,0.012239658333333337,0.010781278333333335,0.0077865,0.007187545
0.007786506666666666,0.008359430000000001,0.010885483333333336,0.034349075000000014,0.01255214166666667,0.00846358,0.007552116666666666,0.007291685
0.0076562850000000005,0.007968781666666667,0.010286515000000001,0.03716162166666669,0.011536546666666671,0.00880213,0.007317736666666668,0.007395879999999999
0.007500024999999999,0.008385461666666667,0.010052145000000002,0.03625013333333335,0.012474060000000006,0.008255248333333335,0.006796898333333334,0.007734413333333331
0.007630253333333332,0.008229201666666667,0.01052090666666667,0.03877639166666668,0.012161551666666671,0.008567751666666667,0.007265653333333334,0.007708356666666667
0.007968785,0.008125053333333333,0.012083415000000004,0.03721378666666668,0.012864683333333337,0.008281286666666667,0.007291686666666665,0.008151091666666666
0.006875025000000001,0.008359423333333334,0.01018236166666667,0.03463558000000002,0.013177163333333339,0.008255258333333335,0.007473996666666667,0.008020866666666666
0.007526078333333334,0.00851568,0.00981777166666667,0.03552106833333334,0.012213605,0.007994836666666666,0.006979193333333334,0.007421916666666667
0.007604206666666666,0.008359411666666665,0.01135425666666667,0.03359401166666669,0.013489671666666671,0.007291693333333332,0.007239591666666666,0.008020878333333334
0.007760463333333331,0.007760456666666665,0.011953200000000002,0.019531306666666668,0.009921931666666668,0.007395863333333335,0.007395856666666667,0.007604194999999999
0.007239611666666666,0.008515661666666665,0.01390633166666667,0.009609445000000003,0.008255251666666668,0.007968778333333334,0.007265648333333332,0.007109408333333333
0.00783857,0.00841152,0.012369880000000003,0.008697971666666669,0.007994823333333333,0.007838581666666667,0.007578156666666666,0.007343778333333331
0.0076823183333333345,0.008046908333333333,0.01489593666666667,0.009609441666666668,0.007994834999999999,0.007812534999999999,0.011744841666666669,0.007447946666666668
0.007994814999999999,0.00869796,0.014609453333333331,0.009895888333333337,0.00843755,0.007239601666666666,0.007526071666666668,0.0074739916666666665
0.007786496666666666,0.008463586666666667,0.012994863333333337,0.00919275666666667,0.0074739866666666665,0.007473974999999999,0.0072396100000000005,0.006901051666666666
0.007135453333333332,0.008984413333333333,0.013489678333333333,0.008984415,0.008046919999999999,0.006927096666666667,0.007265649999999999,0.0072917083333333315
0.007447946666666667,0.008697963333333336,0.012994870000000002,0.009375081666666668,0.00864586,0.007526080000000001,0.007369806666666666,0.0070573266666666655
0.007083363333333333,0.008958386666666669,0.014140726666666667,0.009296918333333334,0.007994828333333332,0.007708350000000001,0.0073958516666666665,0.007708371666666666
0.007578158333333334,0.008567755,0.01489594833333333,0.008802143333333335,0.0076041983333333335,0.007213561666666667,0.007369811666666667,0.007265648333333334
0.0073437933333333335,0.01085944666666667,0.013750078333333334,0.009296928333333333,0.007734406666666666,0.007630228333333333,0.007734398333333334,0.007343776666666666
0.007395868333333332,0.008645883333333335,0.011822985000000003,0.008802136666666668,0.007578151666666667,0.00682294,0.007265648333333334,0.007604203333333333
0.007239611666666668,0.008671916666666666,0.01312508333333334,0.008489631666666667,0.007578161666666666,0.008098991666666666,0.007161466666666668,0.007343773333333334
0.007630263333333332,0.009609426666666667,0.013880283333333333,0.009843826666666666,0.007734411666666667,0.007317743333333334,0.007031273333333333,0.007187538333333334
0.007369816666666666,0.009427143333333334,0.012109458333333338,0.009270873333333334,0.007786494999999999,0.007421896666666667,0.007135448333333333,0.007604194999999999
0.007343788333333333,0.008255248333333335,0.01263030166666667,0.008802138333333334,0.007838575,0.007916703333333332,0.007578139999999999,0.007265663333333333
0.007239605,0.008255256666666665,0.012708425000000006,0.008437545,0.007968784999999999,0.00783858,0.007421901666666667,0.007343781666666667
0.007369820000000001,0.00914068666666667,0.013671990000000005,0.009166721666666667,0.007812536666666668,0.008255263333333334,0.007343776666666666,0.007265653333333333
0.007604201666666667,0.00854170666666667,0.012656323333333335,0.008750063333333334,0.007942756666666667,0.0072135816666666665,0.007057320000000001,0.007109395
0.007968778333333332,0.008333373333333335,0.013645936666666669,0.009479215000000001,0.007734403333333333,0.007187523333333332,0.00690105,0.007473985000000001
0.007317738333333333,0.009140691666666667,0.012916753333333338,0.009010473333333335,0.007786495000000001,0.007083373333333333,0.007161479999999999,0.007317741666666667
0.00729168,0.009192761666666669,0.013125091666666673,0.009218803333333334,0.007890661666666667,0.007343779999999999,0.007057313333333333,0.007135428333333333
0.00731773,0.008802131666666666,0.012630308333333338,0.008333393333333333,0.007552113333333333,0.0074479433333333326,0.007526078333333334,0.007031280000000001
0.007708356666666667,0.008567738333333335,0.011927150000000003,0.008072958333333333,0.007864621666666667,0.007395866666666667,0.007187525,0.006901061666666666
0.007916713333333334,0.008593795,0.011119853333333336,0.009687561666666667,0.007760436666666665,0.0071354466666666665,0.007395863333333333,0.007421901666666667
0.007213575,0.0073437933333333335,0.01304695666666667,0.008802136666666668,0.008020866666666666,0.0075521166666666665,0.007213560000000001,0.007552123333333333
0.007291688333333333,0.008020871666666667,0.011302155000000005,0.00888025,0.007682316666666666,0.007500023333333334,0.007213558333333332,0.0071875383333333326
0.007734399999999999,0.009244833333333334,0.013541761666666673,0.008724013333333334,0.008046906666666666,0.006927101666666668,0.007708368333333334,0.007109386666666667
0.006614618333333334,0.00799484,0.013776135000000002,0.009921930000000002,0.0072916916666666675,0.008098986666666667,0.007500023333333334,0.007838586666666666
0.007682318333333333,0.00882819,0.01200527166666667,0.008958411666666668,0.007526075,0.007473994999999999,0.007291688333333333,0.0074479383333333335
0.007447944999999999,0.008411508333333333,0.012708415000000004,0.008854218333333334,0.007890665,0.007630236666666666,0.007135445,0.007604193333333333
0.007291698333333333,0.008489626666666666,0.012786535000000002,0.008437536666666665,0.008151078333333332,0.007838568333333332,0.006640645,0.0073177550000000004
0.007656291666666666,0.008619826666666667,0.01125008166666667,0.008072963333333332,0.007031271666666667,0.006979201666666667,0.007109393333333333,0.007083378333333332
0.0069271033333333345,0.008463588333333332,0.012604241666666672,0.009218798333333333,0.007968774999999999,0.007708356666666667,0.007708359999999999,0.007343775
0.007890648333333333,0.014010531666666666,0.01458344833333333,0.03273452166666667,0.014323019999999999,0.00911464,0.008020858333333334,0.009140666666666667
0.007656283333333332,0.009244843333333334,0.011250080000000004,0.03252627000000003,0.014739683333333333,0.0089063,0.008541710000000001,0.01026048
0.008098991666666666,0.01002612666666667,0.011119853333333336,0.03481790666666669,0.015625098333333323,0.008828176666666665,0.009166723333333333,0.011562575000000004
0.008020885,0.009401098333333337,0.012630285000000005,0.04075541333333332,0.017942829999999993,0.009583391666666668,0.008906306666666669,0.011328201666666671
0.008697978333333333,0.009843798333333334,0.01302092666666667,0.041328578333333345,0.016432423333333324,0.008593803333333335,0.008697966666666668,0.01135423666666667
0.007812541666666666,0.009375071666666668,0.013203236666666668,0.03750014166666668,0.016041776666666657,0.008802140000000002,0.008854201666666669,0.011354246666666668
0.00791671,0.009192771666666667,0.013255321666666674,0.037682490000000006,0.016875099999999987,0.009114645000000001,0.008593781666666668,0.010859438333333336
0.007317741666666668,0.009322980000000002,0.014270916666666663,0.03825539833333334,0.018125121666666657,0.010078183333333336,0.008359418333333334,0.011510500000000005
0.007708375,0.00812504,0.012786541666666672,0.04229191833333335,0.01455739833333333,0.007656288333333333,0.007864623333333333,0.008697975
0.007656280000000001,0.009010463333333335,0.011901135000000004,0.03338551666666667,0.015286574999999995,0.009635491666666668,0.007578151666666666,0.007604191666666667
0.007682316666666666,0.009557340000000003,0.013099050000000004,0.03638048833333336,0.016484483333333317,0.008515675,0.00763024,0.007968796666666667
0.007343799999999999,0.009062553333333334,0.013151135000000003,0.04578150000000001,0.017734481666666652,0.009114658333333333,0.008046913333333332,0.007890669999999999
0.008437558333333333,0.009062543333333334,0.01278654,0.03984405333333335,0.017682408333333323,0.009895895000000002,0.007187533333333332,0.007578151666666667
0.008125043333333332,0.009322976666666668,0.012812613333333339,0.0446097,0.015859458333333326,0.008750045000000001,0.007864621666666667,0.007760456666666666
0.00781254,0.00908859166666667,0.012682360000000004,0.04687534833333334,0.016692824999999988,0.009088601666666666,0.007578161666666666,0.008385461666666667
0.008203175,0.009218816666666668,0.012421940000000005,0.03906278000000001,0.01648449499999999,0.008229215000000002,0.007890648333333332,0.007864618333333333
0.006901070000000001,0.009270893333333334,0.014296993333333334,0.04481800999999998,0.017968868333333325,0.008906305000000002,0.007708386666666665,0.008020868333333334
0.007135454999999998,0.008802143333333333,0.013020915000000004,0.04671902,0.017916793333333323,0.009375071666666667,0.00794275,0.008437541666666666
0.007630238333333334,0.008776096666666667,0.012890696666666672,0.04273454666666668,0.016562633333333323,0.009010471666666667,0.007630248333333333,0.008151071666666667
0.00791672,0.008750053333333334,0.012187585000000004,0.04229189666666667,0.015286563333333326,0.008671933333333333,0.00796878833333333,0.007500026666666666
0.007421914999999999,0.008880253333333336,0.013203213333333337,0.04104198166666667,0.017942813333333328,0.009244845,0.007604211666666666,0.008541728333333333
0.007994828333333332,0.008671915,0.012265716666666671,0.04666686166666668,0.01677093666666666,0.009479216666666667,0.007968788333333334,0.0076562850000000005
0.007708369999999999,0.008098998333333333,0.011354255000000002,0.04276065166666668,0.016119909999999994,0.008671924999999999,0.007760445000000001,0.0075260766666666685
0.00713546,0.008411511666666666,0.01210944166666667,0.03794288500000001,0.01539073166666666,0.008567755,0.007734403333333333,0.008359418333333332
0.007604195000000001,0.008593803333333335,0.013151145000000005,0.042031458333333334,0.01572926999999999,0.009349008333333334,0.007630255000000001,0.007838578333333334
0.007265651666666666,0.007760461666666665,0.011067783333333336,0.03684897333333333,0.01559906333333333,0.008906303333333334,0.007682319999999999,0.007473985000000001
0.007109416666666665,0.007968788333333332,0.011875075000000004,0.03585956000000002,0.01630218666666666,0.009349023333333335,0.007630246666666666,0.0076823333333333335
0.007343789999999999,0.008828186666666666,0.011380276666666668,0.036510798333333344,0.015833449999999992,0.01375010666666667,0.008593806666666669,0.0077343950000000015
0.0074739916666666665,0.008541713333333336,0.012291750000000004,0.04260433000000001,0.014401139999999998,0.009244846666666666,0.007994830000000001,0.008281286666666667
0.0074739900000000015,0.007578159999999999,0.012369900000000001,0.03854177166666668,0.015494898333333328,0.008671938333333335,0.007630244999999999,0.008020878333333332
0.008151086666666666,0.00848963,0.01291675666666667,0.04036477333333335,0.01763032666666665,0.009557356666666668,0.0076042,0.007942748333333333
0.009557360000000003,0.011718836666666673,0.010651113333333335,0.015833468333333326,0.01197926166666667,0.009088605000000001,0.007812543333333333,0.008671923333333335
0.010208398333333335,0.012604260000000004,0.008776091666666668,0.009244846666666667,0.009817768333333336,0.009687568333333335,0.00742191,0.009270891666666668
0.010260475000000003,0.013932395000000005,0.0089584,0.009661520000000002,0.009921948333333337,0.009218843333333334,0.008203168333333333,0.009557365000000002
0.009947971666666666,0.013541750000000003,0.009270880000000002,0.009557345000000002,0.009817771666666667,0.008958375,0.007760456666666666,0.009062566666666667
0.01020839666666667,0.014166746666666664,0.008880258333333335,0.009687560000000001,0.009531305,0.008906306666666667,0.0077865,0.009036526666666668
0.010286526666666669,0.013177185000000006,0.008906303333333334,0.009375068333333335,0.009349021666666669,0.009349013333333336,0.008307326666666667,0.009843821666666669
0.009843816666666666,0.013046970000000003,0.008697973333333334,0.010572998333333335,0.010338610000000002,0.009296930000000002,0.007864626666666668,0.009479233333333333
0.009765696666666667,0.012031330000000003,0.008593796666666667,0.009114645000000003,0.009583400000000004,0.008437536666666667,0.007864625,0.008932351666666668
0.010546956666666671,0.013463620000000004,0.008958388333333333,0.009765679999999999,0.010364641666666667,0.008645881666666666,0.007526073333333335,0.009974008333333334
0.010651078333333336,0.012474050000000002,0.008619836666666667,0.009375056666666668,0.009817760000000003,0.008645893333333335,0.0072135683333333315,0.009635480000000002
0.010599018333333335,0.012864675000000006,0.008541706666666668,0.00976569,0.009635488333333334,0.008411513333333336,0.00817713,0.008437551666666666
0.010234441666666668,0.013385535000000004,0.008932355,0.00906256166666667,0.011562590000000003,0.008802150000000002,0.007369816666666668,0.009401109999999999
0.00934901666666667,0.015468840000000001,0.010468835000000003,0.012005280000000004,0.018880319999999996,0.008307331666666667,0.007786506666666666,0.008098995000000003
0.008046921666666667,0.013906330000000001,0.009557356666666668,0.013073015000000004,0.02203140166666666,0.008567771666666666,0.007942741666666666,0.007786496666666668
0.007708378333333334,0.012682386666666672,0.009713616666666668,0.012447998333333337,0.02098972833333332,0.008046898333333335,0.007239616666666667,0.00718754
0.009114641666666668,0.01328134666666667,0.009609425000000003,0.013177158333333338,0.01960951666666666,0.009036508333333334,0.007942741666666666,0.007942758333333333
0.008906303333333336,0.01583349666666666,0.01046881,0.011979243333333337,0.017109496666666654,0.009062563333333334,0.007161478333333335,0.007864606666666668
0.008281291666666664,0.01533864166666666,0.009505253333333333,0.012395935000000007,0.020625079999999994,0.008359435,0.00744796,0.007604203333333334
0.008645878333333334,0.016953173333333328,0.011224028333333335,0.011354243333333337,0.018984526666666657,0.009036516666666668,0.0073698183333333325,0.007343773333333334
0.008437546666666667,0.01510427166666667,0.010390686666666668,0.011458390000000002,0.022500096666666667,0.008255251666666668,0.007656296666666665,0.008307338333333332
0.007447961666666666,0.012395890000000001,0.009583391666666668,0.011328185000000001,0.016406345,0.008151076666666666,0.007656288333333333,0.007500033333333334
0.007421903333333333,0.007682330000000001,0.008151085,0.007682321666666666,0.007656271666666666,0.007604206666666666,0.007526056666666666,0.007187520000000001
0.007473981666666667,0.007786486666666668,0.008307328333333334,0.008099015,0.008880245000000002,0.007786488333333333,0.007942765,0.007083361666666666
0.006953148333333333,0.007838578333333332,0.008046926666666666,0.008255236666666667,0.00744796,0.007473988333333333,0.00796878,0.007343765
0.006979190000000001,0.008125035000000001,0.008385468333333333,0.0074219033333333346,0.008359413333333333,0.007473981666666667,0.007968786666666667,0.007864606666666668
0.008411511666666666,0.008255248333333333,0.0077604599999999985,0.00721359,0.007994823333333335,0.01153653666666667,0.027578423333333338,0.009192773333333334
0.008750041666666668,0.007395866666666667,0.007942751666666666,0.007343780000000001,0.0076823249999999985,0.007708361666666665,0.007500038333333333,0.007630246666666666
0.008385441666666667,0.007760448333333334,0.008489625,0.008385448333333333,0.007864611666666667,0.007812525000000002,0.007161495,0.00763024
0.00781255,0.007942735000000001,0.00815109,0.007812538333333332,0.008098985000000001,0.007500026666666666,0.0075260633333333335,0.006796883333333333
0.007578143333333335,0.008828173333333333,0.008307333333333333,0.007552113333333333,0.007994821666666667,0.007916701666666666,0.006744826666666667,0.007656278333333333
0.007265651666666668,0.008333393333333333,0.008489635,0.008020873333333334,0.009583393333333336,0.008151081666666667,0.007526065,0.006927110000000001
0.006953150000000001,0.008281311666666666,0.007942741666666666,0.008932346666666667,0.01255216166666667,0.01054694666666667,0.012786560000000004,0.007708363333333332
0.007630231666666667,0.007968786666666667,0.008411499999999999,0.008906303333333336,0.013125100000000008,0.009947993333333337,0.015208414999999996,0.007864618333333332
0.012369865000000002,0.007291713333333334,0.008437541666666668,0.010182363333333335,0.013463640000000004,0.009244845000000002,0.01322927666666667,0.012812651666666671
0.0072917,0.007369825,0.008307353333333335,0.009947980000000002,0.01440114833333333,0.009505261666666669,0.01651055999999999,0.007708370000000001
0.006927111666666666,0.008593803333333334,0.00861983,0.009479226666666668,0.014349069999999997,0.009765691666666666,0.01674488666666666,0.007942745000000001
0.007291695000000001,0.007708374999999998,0.008489643333333335,0.009817771666666667,0.013151120000000006,0.009817771666666666,0.01700531499999999,0.00838547
0.006979186666666666,0.007604206666666668,0.008723998333333333,0.010182365,0.014036565000000003,0.009661518333333336,0.01216154666666667,0.007760441666666667
0.0067968966666666665,0.007213574999999999,0.00817712,0.010234426666666666,0.01320320666666667,0.009869861666666669,0.011510485000000003,0.0077604549999999994
0.007031275000000001,0.007838566666666666,0.008854216666666666,0.010260460000000002,0.014323028333333336,0.010156328333333336,0.010677143333333335,0.007317743333333334
0.0074219,0.00794275,0.008125021666666668,0.009609455000000003,0.01388031500000001,0.009453171666666668,0.007864638333333333,0.007552110000000001
0.007786484999999999,0.007500026666666667,0.008463586666666665,0.010416735000000003,0.013177195000000004,0.010078195000000002,0.009869831666666669,0.00799482
0.0074739716666666674,0.007552125,0.00856776,0.008854225,0.011562558333333335,0.009140683333333335,0.008437538333333335,0.007317741666666668
0.006848998333333333,0.008203181666666665,0.008645871666666666,0.008645893333333335,0.013099046666666671,0.008750063333333334,0.008463571666666666,0.007239608333333336
0.007265655000000001,0.007630248333333333,0.008724003333333336,0.009765700000000002,0.01442718333333333,0.009557366666666667,0.009661503333333333,0.007447943333333334
0.006927101666666666,0.0074739916666666665,0.008515658333333335,0.009479224999999999,0.015208459999999995,0.008958405000000001,0.010052138333333335,0.007994814999999999
0.007369813333333333,0.007630248333333333,0.008411523333333334,0.009505273333333333,0.01460949333333333,0.010651110000000002,0.015573028333333327,0.00721358
0.007916688333333333,0.00867193,0.00888026,0.009479218333333334,0.012187605000000006,0.010729231666666669,0.013906358333333332,0.008020881666666667
0.0077343950000000015,0.008203176666666668,0.008541696666666668,0.009713605000000002,0.012734468333333337,0.009895895000000004,0.018932465,0.007500026666666667
0.007005236666666668,0.007552111666666667,0.008697963333333334,0.009375046666666668,0.01315113166666667,0.009401093333333334,0.01242196333333334,0.007500033333333334
0.00669272,0.007395871666666665,0.008463578333333333,0.010000053333333335,0.013750090000000001,0.010104248333333336,0.012343786666666665,0.007447946666666667
0.0071614700000000005,0.00861983,0.008906306666666669,0.00893235,0.014323026666666667,0.010156331666666667,0.008880255,0.008125035000000001
0.00705732,0.008020858333333334,0.008489641666666667,0.010989668333333336,0.013828225000000005,0.009192763333333333,0.009687550000000003,0.006614599999999999
0.007265645,0.007682319999999999,0.008203168333333333,0.009557358333333333,0.01354174166666667,0.010468840000000002,0.009479211666666668,0.008463591666666666
0.007057321666666666,0.0073698183333333325,0.008958371666666666,0.009713605000000002,0.012187580000000002,0.010156313333333337,0.009010466666666668,0.007734410000000001
0.007786489999999998,0.008255241666666666,0.008515683333333334,0.009244845000000002,0.014557416666666661,0.010599018333333337,0.008489633333333335,0.007109406666666667
