electrode_1_standard_deviation,electrode_2_standard_deviation,electrode_3_standard_deviation,electrode_4_standard_deviation,electrode_5_standard_deviation,electrode_6_standard_deviation,electrode_7_standard_deviation,electrode_8_standard_deviation
0.08729758688332277,0.11015635013083823,0.22893741370702717,0.05787809169592057,0.030076381654133903,0.04443582123532833,0.10253070636557839,0.16286200551228533
0.0855457890700091,0.10091773700253225,0.35981226076928763,0.056610760738185634,0.03312289251886761,0.05162713239386007,0.05356912103131015,0.16470473869045923
0.07073583024979799,0.09038627771808064,0.3826006198172307,0.06141011114640071,0.030203217312822085,0.07965582735657366,0.14383694213431886,0.14551358889316532
0.06366405731003824,0.08662350595101649,0.27587165204214237,0.05108634527434509,0.028968706309484303,0.07489499946315813,0.1838664747921538,0.20961889978538747
0.09008871911749125,0.08022309255314097,0.3665461870587408,0.05747239638993363,0.03316960084811074,0.06887097232328074,0.17650763027532546,0.20405951956950003
0.09102368079518185,0.11165593692880643,0.37758054394813884,0.07305306021107193,0.031051996640776045,0.04990172560090438,0.16978690564214638,0.20857027744402082
0.09490496626750415,0.08292285495951718,0.33836240921619226,0.07301890776750675,0.03571814913247637,0.07686186656321911,0.11279345820000596,0.16589421023734469
0.09332129622643459,0.12606569538978477,0.3979490625758858,0.08050817875384705,0.040050302747525586,0.0685133200262713,0.15855382407278837,0.17520172129695036
0.09417831670847412,0.06895822183502415,0.39716245391716287,0.0792857091485468,0.03244683734361469,0.04904723648720067,0.15366256946540452,0.2285980324354206
0.08045857084863883,0.07840015723896683,0.3383908476759792,0.08320093022027558,0.04002976522936137,0.047932575691253955,0.10543500725139866,0.2269039100640488
0.07928142658682395,0.05205071705282584,0.272298496234296,0.053958243130328105,0.027183422876444388,0.06599704312851776,0.16439138809209644,0.22348933351781702
0.07965754715634253,0.06846587420000168,0.3321452634013701,0.08323781512511279,0.03270631268267828,0.07693107353549555,0.11771506050425234,0.19252096365182042
0.09956279299419957,0.06721317443949314,0.31360484471133493,0.0762874866576371,0.03035753753201282,0.05474921264038618,0.0500504049662117,0.18222589470642384
0.08475875283467577,0.07671681389682418,0.3012273970233212,0.08012574851173344,0.037327867925208674,0.06873616048214352,0.1607780044370023,0.21423027134193545
0.0799295046903964,0.17144794711690722,0.32777595630744866,0.07401697063184068,0.026514074123797596,0.07214056340880813,0.13807010642619563,0.22160148419149772
0.09408487183958159,0.07570661828772407,0.3604006822875949,0.10436528555042136,0.03534761059643384,0.06474253186914422,0.17087889422897562,0.255921571556427
0.10813303496419692,0.07982219126789131,0.3674410491444512,0.09366233333631688,0.03738874103396265,0.06600808144938315,0.09713632836583765,0.19909999018286959
0.09962032293805011,0.07372818955148107,0.3248813825616497,0.07518840249408297,0.03780203188899727,0.04507406564197347,0.23419059290904798,0.21812737894660342
0.09167406793521249,0.07504638411646376,0.3618367092893206,0.07629684068288076,0.03389453028829955,0.05919213414963822,0.2058962008037923,0.17765531330585216
0.08258569324680134,0.07409695440267591,0.333210279565527,0.0653775944442084,0.029059961004069768,0.04417289944525515,0.14864749366440985,0.2121039886695902
0.10078954305247677,0.1558912443220745,0.3720087905168639,0.07259668023592968,0.038990845484919774,0.08038016906166734,0.1764124610532577,0.11974746271614187
0.08279655549912851,0.17426335773576182,0.30977449104865457,0.0793048605562666,0.037105719780408816,0.0891471356537961,0.1466562435713205,0.1049217789349558
0.08454174036117282,0.13884439483633135,0.31560275421719625,0.06483237678760864,0.03403388351696912,0.0770259785084686,0.1478543400099349,0.12300880169541727
0.09709022994545968,0.15148894763825985,0.336268960799889,0.07414586417729553,0.03340613619830295,0.08917203561473519,0.15638269802283242,0.11379761037756149
0.07806647013181524,0.14256054236484636,0.40216596932424215,0.0756584682452151,0.03442755999393202,0.09337801251283563,0.11372341398753597,0.135563139912539
0.08586117826134128,0.138983127698155,0.3096794543206535,0.09776802826918243,0.03791444285776361,0.08202701455176553,0.10262249109236463,0.11836891850102937
0.07354567624987746,0.12858543520136073,0.37523480596750797,0.06890049713875164,0.036505451576592414,0.07467371994941051,0.10279893365961838,0.14588754456491482
0.10814465025262995,0.18937125425780957,0.3274057558690946,0.10027052549027536,0.035656652051809665,0.08551868629203543,0.11522881654468131,0.13657074894256188
0.06501125743007223,0.10370714902377587,0.364555739080722,0.061315199690499436,0.03778691158316535,0.12289906975045739,0.07268048517517814,0.1541028356362941
0.07321082457930385,0.1263628569915237,0.3719290951315339,0.06590573615402102,0.04442915800538113,0.06755981776512567,0.06929132766096467,0.14765771833932181
0.060523569107148574,0.09803517018200271,0.33429786888054563,0.06308982618153625,0.031426412979964624,0.07571202732878371,0.07352414374106032,0.13287328941965595
0.07056725988980135,0.13932848101463183,0.36853202878396096,0.07774944300868906,0.03546397604154892,0.06583814640527345,0.10376568096834307,0.16159339625686223
0.05515115053451883,0.07979023384976112,0.3017041035527422,0.07417011607363777,0.0359084493347304,0.07725305011567497,0.06599424094608904,0.15145149568713295
0.06989769986831748,0.09619537470797787,0.3552127815657544,0.08073646897619,0.030671100756870465,0.07720322956271368,0.08513362356488254,0.13893604844097082
0.062004450520410676,0.10666660912120135,0.3429073884568436,0.06880314795789959,0.02983185038336804,0.06594758315240816,0.07710068600891154,0.1332740320695313
0.07716450187088225,0.11232015633933905,0.38298582650055213,0.08854190333234196,0.036574546559692604,0.0681165465611635,0.06617440411230857,0.1488218328571846
0.06057917747473925,0.11754529425628145,0.36642190519359097,0.07959369210426134,0.026739580370837082,0.0674610110987265,0.06999798233245456,0.13093651206423282
0.05813934920641202,0.1171221713506297,0.35599821156494904,0.06788630717257928,0.03116430114647848,0.059599627045423424,0.06106757691130094,0.1557120958201845
0.056125472471367524,0.09582938867938913,0.35440517361046897,0.08392607858253073,0.029472086409391217,0.06929683147111008,0.06701262606221275,0.13278157416654138
0.059423023782762575,0.09208507241903635,0.3908689661319302,0.11460314986383659,0.03920967509741569,0.07035315455850505,0.08764196339549148,0.1433526692973777
0.05953049957052538,0.09566968352602034,0.33624999591592714,0.09005190439037158,0.02896541938606487,0.05278704633658832,0.0895575262847912,0.17656926662089178
0.18277146730904048,0.15442704661195203,0.30611840186515393,0.09245897193684469,0.04098025266225456,0.06671669414156017,0.23928823223265056,0.13176711231713506
0.17280758252236714,0.14763367988592202,0.35710813532982355,0.08134209557486353,0.042527039097533255,0.06417190645660806,0.3227802617479433,0.13188089877337136
0.1711277046623028,0.15974609018350622,0.3490448428096563,0.0955701004799302,0.04804398645060691,0.12255487526270856,0.5012500883739366,0.12883422892293442
0.16449162632704425,0.11941344304664833,0.28625892345512177,0.06590834803190303,0.0383890744251424,0.057671838164542,0.3365323448677147,0.10085685998778245
0.1198470162096583,0.09828265282831784,0.22684913636542345,0.062374786836636435,0.03325056333199067,0.06799760916164864,0.4811809420704958,0.07680720383375912
0.18893600678501118,0.15138325015234985,0.2207273847825997,0.07368322109034653,0.03661531746625675,0.07235168986254265,0.4262997391795254,0.0815312378253991
0.18445136557070743,0.08667854948784484,0.24930702250142825,0.05655734609425847,0.03566416222931549,0.06741367711322557,0.4349583616985966,0.099257727604521
0.11138321958661902,0.09943650842248905,0.18099285511562266,0.055756632746856424,0.040211709445561586,0.07793495292795881,0.46209334629180165,0.11660634797610392
0.17702909295315217,0.1165375014935181,0.2476716050669737,0.06362773011363913,0.03450212859706292,0.06295252089722292,0.42299871351198826,0.08855725315305756
0.1601206274301153,0.12193284939808996,0.1930006222787327,0.07458173307236714,0.038867793398902756,0.05993543693882879,0.33605063021717624,0.06943529263815988
0.11617479097815829,0.11428966636979065,0.2510227714714314,0.0680997421170043,0.038747514272419965,0.06978886728590496,0.40347097594094156,0.07053122364825139
0.2189944495233711,0.11036339966017297,0.30831936815639904,0.08019538403201555,0.04408368013747592,0.06735726061126439,0.4278322486146081,0.10973200097805304
0.1560744565023338,0.12643230067226915,0.24967492959723842,0.06522446105938068,0.03792827181161246,0.06983769772967645,0.39827079862555426,0.071221822348563
0.14715682402697697,0.09826881574493199,0.23118329614213579,0.06411806799020556,0.031048264657759325,0.062148840760033124,0.400309646887852,0.06426374718918557
0.18084595183785257,0.12213711798201325,0.2678137533626014,0.0934999772736496,0.045497289904152416,0.07222409742107963,0.4161699272073871,0.07686903299534606
0.138258152675224,0.0988265518583526,0.20899047976898913,0.06790090406093444,0.03753989225526834,0.05289409915507704,0.2599568695080089,0.066548186154061
0.13605675696781092,0.11568585750830303,0.2563571047186467,0.0860886507418399,0.03542843293851548,0.051687695736954226,0.2730821586133855,0.07614783203742026
0.16263465644075498,0.11345101033169927,0.22404358989694184,0.09336530639861308,0.03897476109909021,0.06497685615959826,0.3305288085784873,0.08298468961469434
0.14815032660439528,0.15038134243948473,0.34168286190027947,0.10163026654127444,0.04621229757421106,0.06622717353407304,0.37244735652043637,0.09005392426490919
0.10870182431112946,0.15857830112071644,0.300670872418767,0.10461569519064999,0.04101463595337713,0.061830782560990526,0.3222820193473639,0.08599060549480171
0.11818860957428155,0.1309623876675989,0.31541234261417117,0.11487590417776533,0.04524598555719858,0.05071487826421804,0.2847806350614834,0.0899072883327447
0.10827611519509335,0.13320853892711665,0.37611304196616524,0.17284740960693998,0.050075792668971525,0.059367546038605605,0.14408959234463906,0.18364612974201722
0.08159324670757644,0.1233899565541623,0.36538457917148426,0.11408520447045688,0.03348235414550659,0.04034802305920935,0.08697034559148972,0.13778978118576257
0.09504220963598717,0.12602523071013594,0.38648768558291735,0.1042179028473424,0.03522873088155446,0.05057794331990137,0.11913470402423393,0.15727250242837099
0.08197929682651381,0.12615289081240094,0.380973334173857,0.11817120678311994,0.04232882194145484,0.04767315134401298,0.10287303193293633,0.1729650345314824
0.0801094471343028,0.09225880000564383,0.3307700274655212,0.1160960384854915,0.04041608080924335,0.037726418196888094,0.0647829710373731,0.11604313131331068
0.05783796361977332,0.11026611205371406,0.4216575326502456,0.12678289205899393,0.042398431354195826,0.049296716616611044,0.09798747342671217,0.1727645750815157
0.052284810631691325,0.08929251121772978,0.3487344076811037,0.09459051069082099,0.04053478637362674,0.03916610296300744,0.08223879438832644,0.1547023031431478
0.042940325783826505,0.07901320957124554,0.31903102808117323,0.1135443141926233,0.036400559667801355,0.032527241664001,0.06838088934740628,0.11736053182909971
0.08011404233843632,0.11882378799541693,0.3641053917402751,0.12293364103238377,0.04124920041093915,0.03831050822068144,0.06322109935228103,0.15783363491278563
0.05813651892836197,0.09427457868295756,0.3997396527177362,0.08562882300343967,0.029050130642448636,0.044210386741733616,0.08098902318823657,0.13104969165094968
0.06280740514536873,0.08401812799199819,0.3222422954144544,0.10310199177772815,0.035308226446035054,0.07272852406859055,0.0931298572557576,0.13154263355407755
0.0612581977432522,0.10425947043646557,0.33489965758192675,0.10755093084992927,0.03617176705498364,0.06308378936180824,0.09014297903873632,0.19257393087040708
0.062245768356429046,0.126614958206963,0.3876113375550039,0.10628507817546899,0.03948107835290555,0.045053148394569746,0.09703271738671682,0.18524876387980332
0.0723939706294044,0.11664954231408166,0.40144673796078323,0.11194742284447821,0.04702612550906913,0.05816587723636218,0.08754858333000667,0.15310812676503566
0.052141050859463564,0.10624715736709431,0.3734244191265617,0.11014426301751017,0.03843247807563054,0.052860208665060464,0.0947061305285332,0.13218417088314693
0.04120620538383414,0.09471074463397042,0.32317962320068333,0.10935089197926307,0.03670294451470027,0.04779233297199702,0.07535938318720363,0.1301412784760755
0.05648434616331906,0.10126363004967275,0.3835011398455884,0.15217660714625697,0.041457177195610734,0.033254514959411646,0.07476573970417616,0.15089929496886434
0.06376656794375318,0.0915375779430457,0.38876626068066383,0.13132938614614764,0.03720962275761413,0.034075071345812814,0.06786720530284582,0.1461662195525685
0.10083260626425938,0.116992853822504,0.3872554539701477,0.1390135425207928,0.038542784954019464,0.03916059089996941,0.08676320012356084,0.1317613793012699
0.052235373186489464,0.09123096571176434,0.38217424879008804,0.08189294431978653,0.036443060776490614,0.04309792820069919,0.06798206936810855,0.11523625617751386
0.05370969404301073,0.11847064739149622,0.37705775966064314,0.12095764085991467,0.04387532067212526,0.04505438993939326,0.08786250876933455,0.12475508323516851
0.04447814999936286,0.15144503978293672,0.07082158869027971,0.027731003684496647,0.021749607265583493,0.11260670041443872,0.17762342399142322,0.03049054741105767
0.059620770145385485,0.1778719777825239,0.09567140145966767,0.03698582480871647,0.024768404637369273,0.17223908920780195,0.1713763898680736,0.10062104465442405
0.06548308339816976,0.20268602661016943,0.09837818531814556,0.0404218570192372,0.029812598134486702,0.18456348543028936,0.20795332582387033,0.05390001078844501
0.054177564815441726,0.22035387006744972,0.10799982140509025,0.038082419811298174,0.032448069373367965,0.1766568147631722,0.19639340156906393,0.05685300592603321
0.04862579847785421,0.14201377339482885,0.07379802008943058,0.036739353147941606,0.026113764796640616,0.1509417059418759,0.18672447947189408,0.06612396734254372
0.04627611932714672,0.1459790769261369,0.08637720475455579,0.03965903656377853,0.02423703441094984,0.14532321275175034,0.20212973888689897,0.0475263766777431
0.04532165827488614,0.1524814201699881,0.09838255967464858,0.04051773939697758,0.028672237324026337,0.16976971846545955,0.24393836007561337,0.05843457479450216
0.05429740025539273,0.16524101980769804,0.08396355961998807,0.034756757128938255,0.030396467018769174,0.17210937420534164,0.32581713624052244,0.04922486674096302
0.05541445043593914,0.1905364406160905,0.11027813003457314,0.04103495312069889,0.03260218998527297,0.164670608154472,0.28697544022672217,0.043858430835459296
0.0801243254147026,0.3011738154678052,0.15324928574140098,0.044892238585384915,0.048509659256251225,0.22290530925523563,0.306521690674193,0.08975330860915137
0.051475851342700704,0.20070876075449615,0.07867309577585777,0.03674926915281385,0.03719020176616058,0.17348755008965713,0.24606458264756714,0.04685418145964492
0.06202826669029388,0.20606218078023023,0.10065916828771104,0.03490820868286506,0.02882172879626469,0.17458714487575872,0.26849112333909253,0.07223877637160507
0.049292524268187185,0.14513441673255287,0.06925649969038038,0.03353638540625126,0.027363646581084346,0.1570506845451857,0.27814893259041695,0.06256244075453196
0.062228511244200334,0.19753336404351324,0.09428315425767125,0.03492400939536661,0.03544358678079372,0.159217630578677,0.2323724416999424,0.060672757949084805
0.05545562084611492,0.20372211353629643,0.10318594747781032,0.04278093171123231,0.03315103276805248,0.16922608240265777,0.2733084411027301,0.05526326016734646
0.044335864759422354,0.15479175855584035,0.07303796210064135,0.03931938637712106,0.026601646331855522,0.13627407679365552,0.2599735326594805,0.0747683361375787
0.051078615523073405,0.1558860667731329,0.08283021041098935,0.04147845266346117,0.02928290403701431,0.16093480583976513,0.27281112446384553,0.08243144664456434
0.04869742154447525,0.17301691665325,0.08057957379031709,0.03876094203474019,0.029838160693392655,0.13553800912882688,0.14146059957480148,0.05246380463141348
0.042398814722758076,0.13980994680496792,0.06477305460369295,0.034858097379211944,0.03011402522431404,0.18375789803452106,0.17838022232057035,0.03712660018037742
0.047069331231106896,0.14571763991090092,0.09042085753262592,0.04132420666659138,0.028970577137507406,0.16755773472659205,0.26570277228969763,0.060777371413570716
0.04396293028766912,0.14861278193276906,0.10372956291705364,0.03058043437858702,0.03130944075056809,0.13883126570673418,0.2679915025028041,0.04100536815168107
0.03176821934694413,0.1308847457980738,0.11727018521572903,0.03498249247038184,0.02329275830906727,0.10042863367524865,0.2039058197777755,0.04461363391442489
0.04812950045761043,0.15352724829816963,0.10943725483092351,0.032957118637099055,0.026877619486250184,0.11544537832935063,0.2316826566472889,0.03243329455819213
0.06389538661685722,0.1817958320100963,0.12390248072057516,0.05316345677365693,0.03840670756110824,0.15197714733824455,0.348211528375539,0.08875061171920896
0.06414728881073999,0.24649017651714505,0.12379539899088787,0.04295319864006819,0.03959588256473926,0.16200607150721236,0.29816802193900394,0.0527631823986239
0.05505413211399051,0.2045209671742559,0.1364094355628478,0.038640670371068296,0.03154748131026135,0.13022472577672728,0.21724069835200382,0.03175479374185259
0.05924210008148897,0.2177411796871945,0.12974354935006313,0.04279151270040669,0.038410598312506435,0.1463415613513582,0.3259950692286192,0.060926944979925755
0.04370845741133313,0.16277398595809414,0.10420681086244903,0.031898433783418834,0.02220504603292384,0.09207508919282036,0.2921721451318464,0.03814988126802975
0.03315723120973697,0.14402940507506443,0.10153253986154696,0.029343957934357345,0.025731388514978484,0.12667854332442277,0.20801584033722464,0.03712585282989679
0.04776841262801834,0.186082224223598,0.12450652772119737,0.032158158999250355,0.02813306424018701,0.1489660574598284,0.20410810755127284,0.050652655602113524
0.030938535416032007,0.11842702109393545,0.10097935729078736,0.023866387234891435,0.023318370471489974,0.09093226159926374,0.12029759111305319,0.019896051374409838
0.02645987512656265,0.09663274840091111,0.08710313824267311,0.030747401958157193,0.020856176090704857,0.08829788409924441,0.1437793653802902,0.025785311145723817
0.02851118043855174,0.1054150217605381,0.08336765022697028,0.02689754693858903,0.01815782034858718,0.0997436980099072,0.1515578395453641,0.01941743185766651
0.020990136242610088,0.08349499025777808,0.09391863774109636,0.026001402888224875,0.017531388418935905,0.0721161522467955,0.09733198846632106,0.015118707008060138
0.025321508470446626,0.09801978984743966,0.0921616041712409,0.02639549046224563,0.01890006231278264,0.10328619416776452,0.15314888173541344,0.023128136932533065
0.02979815042695491,0.10236605867297269,0.08988173295726885,0.030530765609194932,0.025228925942987875,0.1435028267487772,0.18445257221711062,0.03994515102878237
0.04475532353067237,0.1539346663808167,0.1143402248317406,0.031902096240909214,0.030603685535304227,0.14492408181040997,0.19454847867213185,0.035402336020064644
0.05545431121611576,0.16612703065264342,0.12429291179967673,0.04560918761957751,0.027338951104064976,0.11437502000679287,0.16865135202375883,0.029907236200387842
0.05792049299454718,0.18459222066914657,0.17669949029697837,0.04023344711037889,0.03032499175709405,0.111568610732375,0.246209724459203,0.048331858772624636
0.03483080395635194,0.14556804105268778,0.10454225702983677,0.031053387829990824,0.02520999114501938,0.11960398595313476,0.2107903826391333,0.032775731837914775
0.07134068242064848,0.28623350518802576,0.14647290664080737,0.06044112990659304,0.06190194624443474,0.17816459382373168,0.3618062868306348,0.13429844549723843
0.07618524246665681,0.2164625824952579,0.12475917400547594,0.058245930225701514,0.05212067309631841,0.17202769062739043,0.35626464676368114,0.08847135269908711
0.07354390872675158,0.19870790707247485,0.12068524554426882,0.05766326123596481,0.04709548014526801,0.17104963309298804,0.3743116370011025,0.11651919637054832
0.09998343792436319,0.29587859984054,0.1429315814596885,0.0643458099533144,0.05613823334404905,0.18510221361001006,0.3648826853635498,0.15045877877477434
0.06463617261347601,0.2505904483791498,0.13118728736797225,0.051125957876004526,0.0459989852740524,0.17072055716292192,0.3867103736231092,0.09065879546435152
0.09142843394946923,0.23884710125426414,0.15454523914637064,0.06931808441908167,0.049646304479020055,0.13538530988479594,0.3565042351107758,0.11326371574116674
0.07727958651727462,0.2652713341762271,0.13318025575973674,0.06638548869583172,0.06157543382769319,0.1684267850750719,0.35132006081275363,0.11181753838402836
0.07177085721394506,0.23552135517061962,0.1373683987614752,0.05534385920244289,0.04987905294476897,0.1567447370334629,0.33182569086176733,0.09295796475712713
0.058341423408780686,0.19294217161132876,0.11259175563493606,0.051401894124487174,0.04723619183760078,0.1635284487759614,0.34706182559747667,0.11392272121486488
0.04347377995888007,0.1599525476262589,0.11633680502596899,0.05324900671855757,0.037224370380784445,0.13255953659617756,0.27458259197043594,0.09219953674342526
0.04824521146147552,0.16702661132815072,0.10698756790775941,0.048565214447673234,0.04599300540379253,0.16003847950565916,0.3170772482102967,0.08386644593789157
0.08141826350528383,0.204139744109109,0.13212539955696972,0.05022732997558965,0.04232883547542569,0.14341121578097132,0.2934644604646486,0.07998199049645316
0.056045704361006914,0.22719353719550497,0.11346133665681285,0.04939193002120713,0.05060806408987099,0.18177740769470352,0.3209770950181182,0.10139610402627815
0.06601526413821117,0.2564729775172253,0.17074459006682452,0.0507478073802651,0.06198979359910792,0.13642686953196997,0.28483648761882524,0.0768175042976942
0.049640835749500525,0.18700463533845266,0.12732507769553775,0.048300567204932844,0.03932615350400573,0.14077171755526968,0.35848482048197977,0.07469583156391743
0.04397059656629757,0.19117441864645088,0.09657692598680663,0.04792819575621258,0.07984543564805248,0.15112317953110335,0.3330873767029714,0.10355316417537869
0.08533953303822463,0.3042808665150798,0.16435928578672698,0.06516805682003177,0.056092368785094014,0.20128878650510854,0.3899892841308689,0.1224769194168674
0.05079559120599401,0.16860140266099705,0.09371222342352832,0.05528550991776296,0.051251477053010766,0.17678975157920854,0.37158425703526066,0.07176814111211968
0.05620451979941639,0.2025753448756795,0.12858367647698418,0.05413757276444481,0.04658866105389224,0.15378032877008543,0.3705207699656054,0.1258891214144636
0.05334181226205574,0.1889586363041393,0.13214253561420888,0.04504031598244955,0.03451395079584567,0.11972916674174357,0.26319142183307875,0.11023197662282737
0.034336534579575737,0.12365347531963584,0.09761414151298123,0.06700555944254519,0.03692715518191577,0.1554538435663383,0.28662447621859294,0.05232364866574036
0.040696415283902124,0.15522526947040965,0.12322767453111104,0.06390225474722444,0.03666773389254812,0.11638589108723184,0.28490032285797257,0.05493196743172777
0.03596136982691226,0.15001911929985978,0.1304771662748638,0.07304167411921628,0.036290806141118195,0.11145081436980077,0.23130572248857245,0.03663036263338092
0.04701975852272236,0.19207910935023986,0.17317459182538558,0.06586961367392269,0.040072454019510574,0.14184987021563233,0.22988202230051794,0.04442579622240027
0.0322264131457379,0.14124562465904736,0.12439334666046234,0.0699434489721915,0.03638927988594702,0.13168090242441116,0.27428244514961664,0.04953183922558197
0.023718857766983636,0.0972760835120087,0.09863466340267026,0.06019161122332432,0.03052234346523871,0.1373015899616829,0.21973261842286365,0.03444310824895019
0.025881113570328976,0.12204814469160859,0.1148610513279287,0.07801357318062002,0.035463761571136246,0.12539420218328035,0.2490028836182263,0.03334675119657819
0.03521601092110046,0.19680945235580588,0.17181978090113023,0.07721590031999923,0.03869490639574054,0.12040129218544329,0.2788097892730283,0.049136390995339695
0.04708058329901287,0.22448479175975758,0.17762156714416028,0.06626578916013476,0.03944355965986279,0.1409656476703257,0.28411299689745706,0.061767198192880846
0.039856785682463015,0.15639999372674432,0.10791364525421596,0.08793945999980701,0.03927739843605014,0.16211098159786655,0.18245790490506195,0.034613346686913356
0.0670873725042298,0.20894085180605657,0.1775325468914017,0.06330078723596914,0.03414340172688666,0.15585899443738316,0.27529407803215333,0.0639247281631222
0.045114689554352105,0.19408001124483334,0.13551995014157014,0.06775767511439539,0.04089409941665872,0.15039955419378598,0.24872075054955456,0.0543418284256286
0.05489499427616744,0.16302620770695805,0.13032347462063348,0.06408618487631376,0.036013193476823496,0.11164174348348979,0.11510607894019131,0.04754823025728823
0.07469560587637959,0.18859448708075519,0.14068402927506896,0.07501629775057987,0.040191106598782805,0.1652684267787825,0.3234302087820888,0.0598458216334641
0.05701466675922658,0.21962665033818948,0.19127938040210427,0.07943390362402246,0.04392229873216527,0.15385058549063851,0.2579977398815028,0.07614432659117239
0.06320535393748301,0.17388717746638802,0.1413171386582362,0.06856137788228144,0.03784590329325252,0.12254093207619698,0.1663743220416969,0.07384412908628704
0.07240682117644073,0.15786343336216,0.11783403841564628,0.06944408417539202,0.03902261242066138,0.13565785633522282,0.26012842251803175,0.07587514282841552
0.02955960486749536,0.09887559425973408,0.11403592029807125,0.06565487247310743,0.033719238915330914,0.1401718562589113,0.2534373678284005,0.04957456196345953
0.031249342691537615,0.12200561058264146,0.14202361679398992,0.0728636247491503,0.03958163834182615,0.1471781850514326,0.2901303761771946,0.052728416369915446
0.05701735027677452,0.2113343224641278,0.20782247661359432,0.0749675410272592,0.04165314388716802,0.14760780190795492,0.32200392611011824,0.07270088174986364
0.04686724076219515,0.06353431379036546,0.25595375712596885,0.05534621522141078,0.02131208225522399,0.03457922553458684,0.08156194170215862,0.08207261188355298
0.04827474520648854,0.07810609633372069,0.2610242145698935,0.04391559139479382,0.024154059934880283,0.026713745563158222,0.06156390227703786,0.1051593597192486
0.03612095746773133,0.04859663864743002,0.19803828451596875,0.03739916955592939,0.020420285412235444,0.028594239238836007,0.0724984393700512,0.07940652883573128
0.035671051936240344,0.05393485740235406,0.18888766575709975,0.03745755208144592,0.020625738687745355,0.022944971627144997,0.056563197665064485,0.05961390237170969
0.04759889278615266,0.05641657512836926,0.18701053834907225,0.03460169347385889,0.01895365000409156,0.024288455088222926,0.088870550230546,0.08359919279405593
0.03588326510820407,0.0792709161417105,0.311343791455308,0.053959045032474603,0.03241874312562771,0.028275605026945438,0.05468091743859664,0.06311861791626937
0.04302830510460863,0.06713302224007696,0.21137104690815706,0.04202439436089591,0.025257468097900384,0.026171684962947816,0.06877414046797596,0.0980173477509049
0.03784684824363127,0.06093611893905909,0.21848198613940042,0.0399248257439381,0.02115452542762974,0.022099940863485736,0.04306887807857975,0.09323435514981088
0.04005113662203193,0.07042001483834424,0.2520691668082347,0.04352335240410549,0.020404286264454067,0.023781392032278092,0.05794415700499922,0.10070455347212105
0.0390667732365014,0.055038636551834205,0.19225985963958112,0.04090601498520725,0.018770681539871933,0.020179702279276405,0.050111443414865724,0.08172380147247327
0.03544597602669057,0.05434130235911253,0.20520774122173868,0.036582023626321805,0.02125504370405737,0.021556560535619364,0.05094704755968811,0.07691408226565855
0.0423563223148228,0.0566953849074022,0.24207027092175448,0.04126462482926091,0.026634072989523947,0.02250617000883215,0.04412685407525999,0.0806259722106042
0.03471890368424608,0.05058832904610795,0.2480332464532144,0.04149157335355163,0.02353433626486675,0.02357662131095807,0.05221485898381631,0.09027115928392855
0.045495232730500455,0.050029351423616655,0.2084325449497933,0.03220418413446716,0.01976823996125435,0.021882335707794593,0.06199939312704969,0.10221767880834667
0.03493846780835257,0.05088529766068748,0.2079103915369585,0.039857087092077276,0.019409058949795124,0.018301797784249382,0.05116689695964721,0.08423079394073406
0.03287086182088663,0.05649888889340205,0.21479958170576202,0.03885068233344757,0.01916059693909584,0.017554591636984578,0.04680088043746851,0.0713350282078117
0.03720689477871437,0.059294351798328614,0.2728834404118084,0.04565657461367226,0.025740280620572754,0.02209144669032087,0.05306228323907628,0.09074959355831659
0.04353645008436558,0.08476747413044969,0.29330493972072336,0.05639508780184957,0.027763000057455366,0.025106464211262183,0.06314483705503159,0.1067037272092582
0.03619431520416938,0.07197347033908043,0.254344810582521,0.04715275224914118,0.01908884552498308,0.024456300144427453,0.047040750005514255,0.06769514860566565
0.05093667765362139,0.06954079184645673,0.27774784626341176,0.0587390382031685,0.02741304548572125,0.025142008814222773,0.05168699453759298,0.1058655974344884
0.015891009738055947,0.046795971395791475,0.10717289017263254,0.020986278504510725,0.010051492531318698,0.007694336618235664,0.00819569972236457,0.010905795160435983
0.06283428491320298,0.20059729695172646,0.27570908921831416,0.04835725217966208,0.023573877680728633,0.08790553856747095,0.06483227997068504,0.06101327400486845
0.04733662333783384,0.1417406794291339,0.22620157417567982,0.03192752592078503,0.015583043559266591,0.03756284716939584,0.06112896054035235,0.05509336042985872
0.04127968805214295,0.10778558120787674,0.24171895051566739,0.035494477156570746,0.016261560808968765,0.04454688234888985,0.05470283747620248,0.08808985120831647
0.04936761197995087,0.17065128624317713,0.23531561310874166,0.029787867778160212,0.016814659275166878,0.06952796707301546,0.05455136905865109,0.05706002742527518
0.0637683102361611,0.12196424087852946,0.250639873956801,0.041464926524352554,0.01989954400103569,0.04353275507456221,0.06705832461472591,0.06892000290209609
0.06286138601163224,0.13620420512147033,0.2339601018580324,0.03539852577978103,0.0152717982653972,0.04362822069282285,0.061679607438415086,0.0626979270021837
0.04980715013592147,0.137295451261071,0.22242271641074945,0.03388634865360468,0.017566678903229133,0.04973652682497163,0.06410109216320942,0.06774146766626973
0.0527417104540109,0.16463720833373216,0.17230417593772684,0.030590492950672694,0.017876178672626194,0.041672139286687296,0.0653646994175712,0.06842966112449386
0.04576426156229589,0.12123523403778108,0.22492123727298102,0.03372119777657899,0.016362562198638766,0.03751063847097011,0.055999297143305586,0.06047833956593827
0.059034332140119584,0.16823944901329313,0.2502490410070489,0.03420168851580024,0.015894077804274213,0.054367560538880984,0.06799448423031819,0.06415739092346988
0.05238854446169655,0.13777436575529173,0.21626359985940913,0.03238405236165618,0.01820882548571678,0.04797124028097066,0.0737095136195805,0.08694487421192842
0.0538609155984726,0.1626363390787116,0.2083315638269486,0.030570793991256135,0.0171671270729794,0.05541190801099666,0.0606949342195098,0.07255008064242674
0.05773896574836866,0.1400553820441271,0.252956880951664,0.04472897296144413,0.01758246461730835,0.03276503464872763,0.07739050309805777,0.07980505639117674
0.05894563735844937,0.17766153519917913,0.3159424546950562,0.04842298835539399,0.019024839370703414,0.039951625482589154,0.07833195053094555,0.07332090973988109
0.0837344376909313,0.2129495008705246,0.24566726973169165,0.04539499142651227,0.023090338295781977,0.0905954478475664,0.11107840813241515,0.1013440176696135
0.0625923893063863,0.16669205099103027,0.3011394448146127,0.04698212131343109,0.019015113622041988,0.04964356313086052,0.06607676297931311,0.06520287079014928
0.0489781527891052,0.12287236712838137,0.2642729442576045,0.034504563883026,0.015402087516518302,0.03444776102993568,0.059175337268839744,0.06444545450028644
0.060410900114043896,0.1825854780606328,0.267846484067468,0.04522702568405127,0.016469043373560994,0.042797921033529446,0.05897859263819647,0.06516137650324812
0.06731867338003666,0.15189316982426476,0.24247917335072078,0.03334568856348032,0.017113989826550935,0.05139793919198026,0.064775053582715,0.06243114994553111
0.06086611053721512,0.15724563512694556,0.2841319744680178,0.03994596819833288,0.016417211582830788,0.056798223548618916,0.06916441921348673,0.06295799309955638
0.07256998291447206,0.1746419566539249,0.19536250460384277,0.07259873518810243,0.025806407067105557,0.042993934057334836,0.05426543817791047,0.12930796080605578
0.0682184536296335,0.15142296611590683,0.16309379520272108,0.023169908872169142,0.017138946694627677,0.04812361504222041,0.04064822197653655,0.1330662869763506
0.08205630301157893,0.16075518187878263,0.19819658792882916,0.03453058207195166,0.022623798614901082,0.0760428729845868,0.054750185277712284,0.1533404978761496
0.08080525804395296,0.16507666752788525,0.15962446801258956,0.03132989906202859,0.037060193675615076,0.05317379067292708,0.061606398079872,0.16128578649745842
0.09820713699626073,0.22144065242293956,0.22025610135160933,0.045741325593491734,0.02357434228393917,0.0336099564810993,0.06933017647085928,0.15188946334217762
0.06819577283073457,0.13316965752906867,0.17175164521305009,0.027118723468514027,0.018286420580761256,0.03380738523307346,0.04961707931384605,0.09704052756278808
0.06908319204642858,0.13016994812864194,0.15343764010722605,0.03134808029991293,0.016009624255260403,0.04269706302257296,0.04577828474735592,0.10594867007791903
0.07594073899982254,0.14688410590383458,0.15757912864189108,0.03748300662905036,0.02054527069597743,0.052014645612699535,0.04728787887638438,0.10509226533782488
0.06448712647410076,0.15289369002340042,0.1743498492348825,0.03249982433628356,0.01977979944779494,0.05397120866794783,0.0641462833958325,0.09892212838946242
0.07918452720802777,0.10720262708804792,0.15796168374684919,0.04534574310182809,0.02534907407219882,0.11823386768344227,0.05777129921887789,0.12948751717495782
0.08849547918943537,0.13764243962988246,0.19305962151762443,0.043998115703612305,0.021355327807198374,0.03963235663081311,0.04435565696270307,0.14543172218488723
0.0863116004095258,0.11932758149676513,0.19771534397716783,0.03847013343920825,0.023253409036637095,0.08954651809449837,0.06382376033038133,0.13079611567087598
0.08670322008047024,0.15021706572285234,0.17588188972401325,0.03143230166699785,0.019501921794969908,0.042763283100573424,0.06290905359963354,0.1479939254720019
0.08410467082234588,0.08230433401170108,0.13362295351666814,0.03220781352706704,0.01982494341239395,0.060781883185209516,0.06890732875856813,0.15083138672163018
0.08895902591632746,0.13831238168640744,0.16297973753853234,0.03642126225244885,0.019131371289300377,0.042664118010705826,0.0723614251924767,0.11173937019160436
0.07817600739606578,0.10834289393552798,0.1836919945801879,0.026998208339331625,0.018993387392552356,0.04242832461853703,0.0478134293047703,0.08455366269952336
0.08152382543234585,0.17059840902459858,0.1674355873377794,0.03128497353152078,0.022007192575464962,0.05402674791616145,0.060794328178911186,0.12730810967022313
0.04833982183421817,0.08240508430755931,0.2621484601053728,0.04670772369228087,0.01918233933622279,0.04324465553140398,0.07575055380027478,0.08078551193718009
0.040121299807933136,0.06683462621350544,0.269840303418966,0.05260923222053078,0.02135741305936471,0.03107628875889873,0.06749228313626546,0.08561193717350377
0.027472112805575526,0.06124365607248086,0.23549438401409842,0.04097624429039086,0.019166884397748808,0.03341309097672481,0.045279683753806435,0.08102353844219565
0.030787694969272854,0.06478993702359487,0.26829173720452454,0.04951281080756329,0.020375498886894088,0.024105227217809465,0.05464113644107026,0.08240281980518904
0.028294575845657338,0.07428645599088407,0.2522716398539658,0.04547390631722573,0.018243856539366582,0.034560375164894165,0.05658481306613247,0.08093451433211887
0.031984110810439746,0.06197553918258764,0.25756839755035565,0.0420591851153739,0.020895182315123106,0.019966515525582658,0.03912608004792484,0.057723700806922164
0.033117298480674046,0.05977768225012381,0.23183359877907364,0.03605236977111198,0.016082782672542158,0.022619140540556207,0.04581412802664031,0.07715071859540044
0.031112003605325532,0.06475332089568063,0.2936247953224334,0.046363038731080344,0.020454784232029653,0.02582608993971471,0.03908501429590929,0.07602444503431659
0.022249468756496693,0.0569251752037458,0.2819709504336026,0.06674821362202354,0.021803345358177392,0.026405266892830303,0.05253690335557379,0.06583546669553907
0.026134899060286973,0.05111648591197484,0.27015356892267156,0.043196680642910136,0.0181350366480716,0.03157891301595083,0.048443538105265055,0.07067908810418515
0.0287229337761156,0.07479260173140834,0.25253937971725615,0.0488699751662012,0.019655971779878725,0.03239350044059181,0.047237577923243367,0.0721225893153391
0.029843500262343375,0.05423616543258403,0.2501890454425196,0.04987879006949414,0.020180373980551006,0.030387460867217362,0.048035444410352866,0.08418593556242628
0.029773903281338325,0.0719485995660066,0.2712160836224862,0.04264498863796099,0.01728996013285038,0.018540932593879057,0.030449655798688795,0.07724870594752165
0.027009190967957557,0.06027421024332795,0.26675677648553553,0.04542551298667108,0.017754077174185465,0.021260405970527835,0.038357801564285754,0.06730337660191343
0.030087615290329824,0.05808057071711303,0.1968149203076376,0.03927362182799162,0.016672971163105073,0.04034520575628411,0.04017902518449092,0.07117227932418445
0.05875365062600848,0.06357646664719754,0.2131954650365452,0.04379361279158057,0.02497438943544544,0.05310301210578978,0.0793119262550301,0.10452917804762507
0.04632283048575076,0.07368282086486375,0.22140396881556976,0.04177207063046632,0.020419265520485796,0.03961514429244691,0.06872623448278119,0.07911320656467534
0.02876409678671119,0.055804778930836796,0.24457456180066012,0.039084289147671175,0.024039631818546826,0.04084174733411663,0.04541764807632736,0.09581189108406286
0.02492741550261122,0.06076609181316876,0.2667148806276444,0.04375659442879198,0.018398426432143292,0.03414147496491621,0.05209796204602986,0.07719874607924551
0.03449981180912618,0.09409291461349373,0.25618827831901936,0.04391204727136949,0.023874772743277695,0.04458107356009274,0.05594059497045416,0.07670131906039375
