electrode_1_root_mean_square,electrode_2_root_mean_square,electrode_3_root_mean_square,electrode_4_root_mean_square,electrode_5_root_mean_square,electrode_6_root_mean_square,electrode_7_root_mean_square,electrode_8_root_mean_square
0.016646448415002322,0.018498853428343422,0.02727316103027542,0.025032672401417048,0.01596004288152134,0.015309433367698492,0.012597370758416219,0.015162543797518498
0.01709267021391528,0.018695807101281648,0.031041137861580827,0.02575380635456307,0.01596008367380948,0.015716037292364763,0.013212242784818936,0.015454913425563621
0.016137559709365396,0.01915802568020341,0.024975740835425357,0.023833618152307477,0.01657294403533462,0.014726909010266437,0.012821511060193596,0.015081817662171893
0.014754498785342275,0.01945311270208446,0.025299448796927047,0.022893128064115663,0.016074428937860697,0.014795813387013685,0.013531762404924694,0.014685389920484465
0.015741853879864338,0.019661167576384333,0.02238994263759959,0.025339684991990994,0.01510877659656797,0.015402153360975213,0.013441243665735205,0.014713114191428001
0.015388999386899721,0.020151740775757643,0.03651607415821604,0.028420350602458577,0.016150171730304703,0.015162542079963594,0.01264572041495989,0.014149136826852727
0.014905387379736228,0.01915804878865103,0.027695085023188983,0.02556353400682961,0.01427798695521653,0.0149599186730744,0.011984917823317216,0.014671527663811976
0.014462060640171581,0.018143561617830168,0.030365163875566356,0.02473014091862398,0.015454925220783178,0.015175921513261284,0.014320636334558138,0.014987107307894121
0.0146437708966418,0.018221847579485455,0.027695125459666497,0.02304371468578797,0.015149094102013714,0.01485072073290272,0.013740623698059224,0.013917195600048168
0.015135690954330431,0.01819953925840798,0.023202105127588458,0.023782365010304035,0.01502773044469235,0.014588084643754074,0.013784981071985556,0.014048119500013754
0.01502778416533855,0.01787239127369362,0.024507012178150163,0.023446340000804682,0.015068327020774404,0.015162543797518498,0.013710995816618624,0.014629867424723985
0.0142208482893368,0.018177123329614065,0.02388478857065727,0.023359377021658773,0.01469923378915831,0.014643774453443803,0.012900558168609088,0.014320690889176172
0.01439149325643451,0.018432791066692347,0.024581596161559572,0.022088021712721735,0.015612118858544901,0.014878110670545504,0.01274190613304514,0.014377382050232004
0.01472691608348469,0.017457756306247758,0.02468070423448246,0.02067992623338713,0.015883429522094192,0.014518194405067504,0.01308847198822944,0.014320674522812585
0.01433486698554728,0.017963232849954006,0.02498390315259675,0.028413187413505726,0.015947358880339196,0.014433864983664866,0.012900576336608635,0.01336534211390291
0.014905424069948497,0.01748105596791376,0.026005394073505862,0.02563499754277994,0.016646439028613097,0.015559878461821825,0.013196793724297834,0.014377354880505663
0.015202717000369813,0.017504297836388637,0.02418108065244397,0.0241726871108351,0.015216105606341374,0.0152027478340814,0.013072902557389465,0.014306469800932725
0.014149158913224021,0.017700809187105915,0.024306911312285927,0.021518827755479617,0.014363217092281243,0.01468539701370038,0.013258338572008185,0.013273688534842154
0.014263752502701852,0.01670746153324915,0.023893311587485463,0.024029138670927572,0.015441753801085333,0.014768318428649896,0.012853171221142276,0.01440563944941934
0.013725799727095443,0.017712308133705595,0.02665445651599998,0.021594340019975913,0.014504179535338543,0.014699217844270944,0.01338053818455496,0.013784981071985556
0.013917180630309672,0.01607439815607415,0.022051185131227453,0.02125247657286087,0.014891763139791967,0.014134791040077909,0.013350150203524556,0.013165975721469844
0.01475450761038809,0.01753915708631214,0.022651912517121668,0.022298892911196286,0.015832072867600123,0.014048130622613106,0.013410942750231995,0.013636630167799278
0.014959878634980078,0.015793522045182536,0.02285754229209694,0.022732620423376922,0.014973494812723805,0.014476078508640848,0.012884820285190893,0.01354675833849806
0.014504181330740457,0.018288720341009826,0.02360201648927482,0.022244092147841565,0.016137543571952538,0.01351667854837127,0.013103995097869964,0.013975525483143741
0.01518937831468644,0.01752754454432603,0.023455021230076374,0.024589897783100553,0.01483701996684869,0.013426110484549628,0.012645716296306298,0.014048138037595354
0.013725813008221652,0.015972804851528112,0.021688303300166197,0.02204191910814483,0.013576792585450121,0.013426081389780119,0.0127259229374533,0.01325837982001069
0.01449014392153048,0.017317366194709475,0.02388479184153241,0.02049212755466515,0.014019130345888082,0.013770191614740397,0.012069484161995768,0.013395715072738746
0.015095296246899783,0.017104626721250984,0.02542781808086045,0.021753903506344173,0.015041312901195385,0.013501676209086043,0.013365324577677367,0.013365336268496952
0.014019122915444224,0.016852933103913986,0.02415583090535976,0.02096327518069795,0.015122263872515916,0.014391558399631365,0.012693920790283829,0.013887920036852174
0.01363660916094369,0.01615017979280726,0.023876238516218035,0.023385505661769786,0.015041285199465728,0.01400462721275841,0.012119961368131503,0.013010512577399352
0.014206551086793258,0.017211310780946735,0.022317121371456788,0.021967967922485076,0.014192210122281874,0.013960993839921762,0.01294779582361415,0.013441249478130126
0.014177874856503238,0.016707408537182937,0.02002005439969299,0.020182031639513726,0.013990090430074665,0.013725818700111603,0.012661794568240844,0.01302612459246162
0.014615952508760193,0.017573893843568077,0.021912321734623805,0.019928357361266212,0.015027777233509952,0.014105970774699156,0.012932103344261781,0.0129320791793122
0.01394640784234421,0.01704497573939801,0.02299068708774635,0.023175770844209978,0.01474072271939202,0.013227626551842174,0.01354675833849806,0.01275784480976313
0.015202744408055628,0.016523749480974344,0.022981829327282318,0.02093412472909563,0.014574160211541067,0.013858573235065242,0.01321221321908887,0.012597383161924281
0.014795806346619528,0.015216119298077724,0.021040803614168355,0.022362647313097794,0.0151625437975185,0.01336534211390291,0.012516338281488988,0.012916349459567386
0.014177895061268207,0.01635049454670001,0.023790876556956313,0.02155660064357705,0.014615972108051295,0.01275784480976313,0.01345636176318349,0.01321223095853485
0.014699230245889296,0.01557292656171815,0.021884467595420277,0.02347239069797394,0.015162576430365216,0.014518183642591111,0.012677870936596572,0.01275784480976313
0.015054801802747188,0.016756060782693923,0.022561905002496288,0.023166992842224184,0.014795811626999944,0.013666419269935587,0.013395728681125688,0.012789693116790046
0.01575479920394629,0.016634242419980138,0.023341978124686295,0.021002064631880042,0.01453220292694814,0.013319614688558627,0.014019135918688667,0.013181397680759554
0.014768316665246585,0.01691314438984267,0.023307103375938137,0.02491866665734746,0.015844965849074376,0.014149171796963952,0.012947801857522638,0.014419757316728093
0.01426371051059296,0.016695265828521568,0.023070157943687053,0.023158178901884034,0.015135721924473905,0.013273682649074197,0.013041763845367442,0.013242972783518058
0.014433881221568001,0.016804576820814817,0.02367089512696271,0.024565065071085537,0.015322747422976513,0.013873259088680883,0.01327370030637024,0.012645722474352082
0.014263708684805648,0.015335985392316119,0.023079028067129113,0.020953552926651842,0.015068365042310775,0.014091523753661277,0.012645728652394848,0.01290057028061163
0.014377340390002597,0.016985222592202514,0.025024596755792095,0.02144308600850944,0.01500066752120274,0.014932741573022242,0.013181397680759556,0.013212246726869232
0.014768293741435852,0.015934540575952186,0.02402068011047981,0.022253215475896215,0.01423517137942732,0.013873247825881774,0.01338056737835383,0.013165940117907775
0.01578061013675749,0.01587058419676688,0.02129069510294736,0.024348654032889244,0.015216124432598906,0.013696172102026661,0.013395720904888497,0.012979165998566062
0.014004621634184436,0.015242862914656156,0.024482100711982764,0.020748677168075075,0.01554680266024711,0.013273706192130367,0.012483813479261857,0.013150492109993452
0.014560159863076138,0.015520618008850894,0.020352676934292123,0.020352696127130997,0.014837011190881181,0.014206554753059123,0.012757887675930788,0.012725972050233859
0.013887882533825429,0.015638135313446634,0.023210849655207946,0.02083676951001122,0.014657666510623944,0.01400465510559495,0.012979208133780737,0.013546764105620699
0.013350079978661802,0.016275615228719724,0.0214999176368965,0.020914724554445686,0.013873268474299778,0.013887916286590057,0.012994859761972552,0.012725916798342401
0.01333482771648488,0.01727030281789137,0.02504886266756105,0.020571406380499764,0.015703093181493467,0.013621666259920874,0.013010532593505413,0.012352735654434338
0.014837002414796147,0.017080787667435014,0.025339695269280572,0.023219609956098175,0.015095296247010195,0.013770219982447632,0.012789656465740847,0.012253510339762507
0.012789668682768918,0.01597280648195551,0.021707110491610806,0.021921609274336288,0.014671548963782477,0.013725835775767295,0.012434844776473893,0.012868994352642065
0.014602018982318849,0.016288181107938355,0.02230799382725096,0.021688368139704137,0.01506833393383843,0.01363657096676678,0.012757863180995477,0.012532603315286628
0.014462021024393517,0.01669528610656313,0.022696774964812372,0.02270574163469819,0.014292260071917716,0.013243021945286256,0.01313499421158355,0.013319601002407444
0.013990090430074664,0.01572895088279359,0.023816549306977002,0.020131563372185808,0.012916331313754177,0.013561764573854935,0.013258346428822364,0.013395738401322516
0.014091520057585462,0.016840842746578925,0.022353550008257454,0.022902047421973732,0.014905438047068594,0.012467461817934984,0.012979196095161932,0.01318140953470708
0.0143348488186424,0.015041288662157022,0.021156480489753802,0.020551623264355542,0.014077087805366565,0.013829182987918463,0.01217022279753607,0.013010494562915996
0.014033657459954387,0.01589620057566168,0.02009107129746943,0.019959031608940015,0.014220877589363702,0.013931821527771115,0.01297919609516193,0.013072902557389465
0.014077073005659477,0.016087033793866414,0.02185652910772126,0.02009106740905022,0.014864445661992694,0.01351670552144025,0.013165942095928166,0.012467511948861329
0.014588106065444778,0.015533735969495555,0.02030265081875599,0.018933691174728713,0.014754504080392989,0.014091531145928277,0.01218694122766934,0.013696149285170147
0.014377382050232004,0.015559893524753525,0.01863041937517779,0.019815778515617295,0.014220875758077163,0.013135000159497525,0.013516707448130013,0.013150539637153047
0.014105976313191985,0.01566412518282886,0.01842174750939769,0.019232225967630474,0.01390255053895987,0.013740646441064312,0.013150480228176714,0.012932085220553826
0.0136066992929341,0.01533596161901822,0.019702500899928074,0.017246747128516725,0.013666394497818365,0.013227624583045893,0.013227636395567175,0.012869008518012051
0.015441763919859243,0.016511433855160285,0.018210704700120747,0.016263140521539293,0.013902524314490518,0.014320625423609592,0.01324300424708583,0.012369156870215529
0.014782035304213017,0.016175335681730584,0.017735249887770588,0.016061755820737655,0.013829181104762979,0.014033618490669707,0.013770208635371749,0.013103985161265512
0.01446203723091368,0.016162770687498683,0.01895518769822657,0.017021099040308768,0.014377376616290844,0.013946374231139792,0.012932061055570378,0.01294780588008383
0.015000698770001797,0.016400219925303848,0.01864131416504748,0.01678033323189183,0.014795816907265832,0.012385632007760713,0.013395728681125688,0.012979184056531957
0.013471433897943703,0.014615995270650122,0.020111297095786733,0.015793520396352425,0.013873242194478792,0.014349065374557796,0.01225349758817185,0.012741887738805947
0.013740625593230221,0.017234934545857724,0.018684928754167978,0.01764323746283544,0.014433893851163887,0.014004614196042675,0.0131194899155798,0.012451138879302034
0.014134713659167868,0.015934548747454383,0.017163927776201654,0.01594735561438531,0.01469924087580716,0.013666388781178934,0.01393177292743701,0.012336222916611605
0.013917201213666013,0.015960109780898547,0.01796323140027985,0.014713091181722034,0.013843869921376754,0.01313503584692482,0.012709925789253585,0.011984872192476648
0.014447962480110014,0.01514913020187408,0.018793496771135128,0.01670743347659957,0.01396095839845293,0.014004658824595957,0.012402020165346719,0.012868978163721212
0.014277966892091699,0.01482331005117728,0.01694921642834854,0.013829188637262855,0.01495991693225601,0.012661806908639332,0.0131194899155798,0.01241844121921105
0.014062594445016185,0.015533722557712945,0.017092679355355613,0.014795836268187076,0.014292216341421651,0.013561804898992367,0.012693896171914019,0.01288480815838301
0.013725801624434668,0.015454898260422161,0.017677808005519234,0.013696175904791821,0.014235178697098725,0.013990114629027647,0.012319745119657848,0.012693902326510947
0.013119541524954294,0.015122232874810519,0.018288753091358266,0.015216138124318318,0.01347145709540484,0.013165959897718562,0.012805608920247931,0.013273670877530452
0.013740635069566475,0.015934545478874924,0.01684085202461562,0.013843890613612445,0.014220873926907589,0.014091488640606192,0.013666402120041204,0.012548830665311674
0.015428594767508803,0.016036390908700956,0.017539142238385923,0.014850696182671035,0.013887884408901164,0.013873257211508288,0.013088456070777283,0.01259735215313123
0.013990110906041216,0.015612102178011348,0.01920048963281926,0.017376007166540496,0.014405632218337384,0.013606735657141777,0.012434832210836891,0.012837356986739911
0.014391513161292899,0.016362932896132443,0.019743787262748412,0.016609773730899127,0.014249439865774843,0.013681286642710183,0.013010506572574338,0.012979208133780737
0.01467152588877517,0.015998298250699455,0.019692223641283715,0.015909036676262544,0.014206554753059122,0.013960969590492874,0.013165953963791105,0.012597370758416219
0.01509531004832296,0.014740699752668915,0.01856475224944662,0.01593459123934467,0.015162550667626253,0.01315051587359472,0.01432068543372372,0.0123691884510801
0.013681265704422236,0.01675605145770725,0.01850982143646988,0.016621980460221942,0.015122256984105692,0.013181391753781796,0.01305733051712077,0.01339574617754955
0.014615959635788546,0.016263135717679622,0.019578227172678327,0.015998285228475788,0.01416347911508092,0.01365147275406577,0.01307292646203086,0.013501676209086043
0.012916355508166123,0.015677133029989892,0.018188349781064064,0.016780347199278484,0.01462988344519532,0.013666417364352177,0.012677858611834519,0.013350134598073037
0.014476071312744584,0.015546807685448914,0.018322092909790623,0.015322716830847372,0.013710988219186345,0.013380544023319832,0.012805633323854001,0.013561793377536765
0.013561751132074846,0.016313098649193943,0.01835535089009015,0.01513564105789158,0.01443385415830898,0.014091540386167868,0.013456330798611733,0.012805600785658856
0.013486539393471799,0.01565113647481656,0.01808735170498987,0.015664146795628546,0.014782081109178554,0.014864407118740616,0.012645753364535729,0.012916323248897112
0.01318140360773465,0.01532270493396428,0.018064858555401603,0.015269517054630989,0.014837030498047783,0.014615959635788546,0.013165971765565453,0.013104018945791659
0.013917206827281595,0.015454923535721553,0.017849611195812264,0.016424945301633933,0.014685370413839301,0.013471447429842126,0.013917184372805683,0.013426104665600767
0.013636565237624907,0.01648674815162165,0.018608595265987522,0.01722312898193395,0.014987082981076294,0.013666383064537109,0.012884796031563714,0.012900564224611782
0.014433855962458546,0.016634233026603103,0.018520889812047366,0.0176777829620968,0.015322710032660674,0.013088420256343646,0.013960941610376192,0.013516701668183207
0.013990069954078144,0.017175796774337233,0.018761032172742165,0.0169372716791007,0.014292214519275873,0.014277983307409585,0.013165969787549517,0.01347148802533212
0.014105917235862403,0.014932666582976175,0.022759426276417135,0.019815770630316986,0.014306475261805991,0.013785009409258066,0.012613498268257436,0.013858569476861602
0.0163006526276813,0.016925213872356234,0.021002057192133983,0.019179306069780865,0.016023694208369473,0.013770233220731355,0.012837354958090083,0.013858586388950354
0.018509872085547573,0.016074357653988333,0.020332692528987232,0.01751592281677826,0.013858561960331,0.01327370030637024,0.01294778978970285,0.01362164523011079
0.016925253877219486,0.01698519959400929,0.019733490595811982,0.018443849190854924,0.014391533066239562,0.013946391036752126,0.013119507780400911,0.013501629917964227
0.019115490556308862,0.017270287738917377,0.0205615102357536,0.01765478570770543,0.014699270993828234,0.014447964282613199,0.014263712336380036,0.014447931838213617
0.01746945548812746,0.016523755785232363,0.019505303099371034,0.017446114958112213,0.015349240787196395,0.014105944928409915,0.013026158578926228,0.013531745084368586
0.02041254210144668,0.01679246560459978,0.0224987163998675,0.018760996082564485,0.015202746121068611,0.014462042633044616,0.012789680899785317,0.014134759719275978
0.02276832137806826,0.018177149117779717,0.02488599840750485,0.02217994061496408,0.01596005267169671,0.013165936161992686,0.013576775322341215,0.013990068092579109
0.02215229954395254,0.017044991017598102,0.017608628627181613,0.018922970225055402,0.01487808966629565,0.012773806411494318,0.012352735654434338,0.013531710443189855
0.018399600879729243,0.01640020087036538,0.021011759481617272,0.02194946492472349,0.01569011515535604,0.013410948575759536,0.013395705352524991,0.013041739883607045
0.016985201127255847,0.01640019293087737,0.01644973008400644,0.018443795536394705,0.014878114171213593,0.013471476426633178,0.011899698000929828,0.011727487299005416
0.0164621013633335,0.016087043506758266,0.022714532794887075,0.0172938625629152,0.01427793953318662,0.01313500610740881,0.01241843492809514,0.012581203946032618
0.018233026497403004,0.016061731500370685,0.016238117451847674,0.016162715905647374,0.014320663611893134,0.01331960295760851,0.012119948476031846,0.012153468512870445
0.01842177578239043,0.016646462494826538,0.01627563122933588,0.01670741788941866,0.013858608938369923,0.013026142585329449,0.012286697796261885,0.012170216378109307
0.016412571402281848,0.015754828957074297,0.015108781767457847,0.01487811242082364,0.01315046240543148,0.013273653220195261,0.011640423237150787,0.011796702400317924
0.015972847241647308,0.014905439794249619,0.015972871697558542,0.016061759063533482,0.013770233220731353,0.013576809848537078,0.012789723659250815,0.011499729390366831
0.017620171473342702,0.01461595607233182,0.015041283468064376,0.01623811103679653,0.013666402120041204,0.01351672286126831,0.012979208133780737,0.013072906541456904
0.01686495302844531,0.016462093453598177,0.022642995837675723,0.014602072485780918,0.013887910661134983,0.01414916075379267,0.012385632007760715,0.012069484161995768
0.016670832032375186,0.016768232460270423,0.026707571981961727,0.016137545185632585,0.014560186691568671,0.01330430009683586,0.01313500610740881,0.012821480593454617
0.017021091390438708,0.01569010519674741,0.015728934326160394,0.015754850445444835,0.013621660524510219,0.01259738316192428,0.01290058844859412,0.012153462084594112
0.020620795658549802,0.016511455935905025,0.01636290584029418,0.01562510500066053,0.013725831981219454,0.01220359194130974,0.013273680687109109,0.012581185316839851
0.017446071669480975,0.01627566963056615,0.015883411486778694,0.015108778320234897,0.013471464827924247,0.013441224291025976,0.013119505795379642,0.012741887738805947
0.016683031549951186,0.01632556708545423,0.016560649268823974,0.01558599882613666,0.013212219132240176,0.013516717081328095,0.012270113166008971,0.011779416856251133
0.01607438033512749,0.015793497311657523,0.01618787644447741,0.014292225451913826,0.012500075000574996,0.013621662436354823,0.011517427918087152,0.012741891826373352
0.015715984267352354,0.016609736102007562,0.01478206349189224,0.01579348741823667,0.014447975097396868,0.011727480637232649,0.012402022265206052,0.012613510655906495
0.015027728711729306,0.016112338376639605,0.020875621873850846,0.01557298509069472,0.014177856488552847,0.013456348216238562,0.013576796421652644,0.012103143962141958
0.015388997694727666,0.015819261566362697,0.015586020547272482,0.015349276416333116,0.014292225451913826,0.013212236871678214,0.013150478247830635,0.012018781960123912
0.015520619686672737,0.016437366920982202,0.01508182111555719,0.013621662436354825,0.013395773394121995,0.012532603315286626,0.012805639424748253,0.011813916362000085
0.016523779425472448,0.016175342121678087,0.01509531177352757,0.014134774458582638,0.013319591226648064,0.012805600785658854,0.012018840462790078,0.01215348779767904
0.016023666579625277,0.016137593598024455,0.01498707081776378,0.013725813008221652,0.014004599319866314,0.012203585539436079,0.012052622251886379,0.011967923710415827
0.01532271853044796,0.015494331961828277,0.01602370070926189,0.013288969815853547,0.013181397680759554,0.013041763845367442,0.012369169502571033,0.012186909174533687
0.014391487827821464,0.0158063476183357,0.016175356611370272,0.013785007520068076,0.014120356907611556,0.013531768178438472,0.011950903252892645,0.012661794568240844
0.01482327491469637,0.015108762807556415,0.01544176897924371,0.014574165572111955,0.014334814301610842,0.013365359650105444,0.01233624191572674,0.011984891748572452
0.014363209839841977,0.015027775500663209,0.01544175717408266,0.013546771795154743,0.012693877708105327,0.012741936790051454,0.012677840124668976,0.011899691435565322
0.015095299697311966,0.01617531314194566,0.014476092900307507,0.01371096162832255,0.013960965859853682,0.013319579495677284,0.013057336500412325,0.012661804851863207
0.02085624719178884,0.015703050063177747,0.015269476122917033,0.013975529209896373,0.013887899410217997,0.012947795823614149,0.012319770485686818,0.01308849188511292
0.016087037031359545,0.015216119298077724,0.015068327020774406,0.013072872676526253,0.013725826289335009,0.013057352455800525,0.012805633323854001,0.012286659644780052
0.014795804586604948,0.01494633368644855,0.015135684072031017,0.013902524314490518,0.012916319216531209,0.012253472084950727,0.012385663546617114,0.011848308819897745
0.015780580432238015,0.01687703074299505,0.015441748741695894,0.012837320471772917,0.013304284437603803,0.013304307926507617,0.012884830390812292,0.012741900001635028
0.01565112482746847,0.0163131273840528,0.015625111667387642,0.013666402120041206,0.013814486095339683,0.013770210526592058,0.01223688924332215,0.012286666003368583
0.015832071222679617,0.015985569665899722,0.014699251505717336,0.013946400373154838,0.014105956005295543,0.013258346428822364,0.013026148582946534,0.01176215904663482
0.016124931363936612,0.016375372929697405,0.015322703234362182,0.013196817404523461,0.013681303773946402,0.013289042323345454,0.013873253457282473,0.011675346846168356
0.0161753179718875,0.015806355856215985,0.01509532039932685,0.013196847004745745,0.013380573217105963,0.013119553434790888,0.012821474500098134,0.011813909748964001
0.015690048764477015,0.01482327842831448,0.01562513000084586,0.012236889243322151,0.014476103694076894,0.013088450101711814,0.011570320554260083,0.0120356912803129
0.015947314789435035,0.015638128652271665,0.01641258250936356,0.013426116303495963,0.013931827135495666,0.01371097682309081,0.01220357273567868,0.012069477688988866
0.014602038600311947,0.014959927376940484,0.015844954344206862,0.013799733920683642,0.0135767695679667,0.012979178037212784,0.0126135147850761,0.012821474500098132
0.015162555820067626,0.015108714545751403,0.014206554753059123,0.014504190308206343,0.013975547843883144,0.01311951175031551,0.012336271469802642,0.012581203946032618
0.013103965287906813,0.014685375733815374,0.015081783127943902,0.013887910661134983,0.014292232740373357,0.01339576172986566,0.011831118484671402,0.012170203539245623
0.013561772254760806,0.014263688601597182,0.013799745243481855,0.013350117041871458,0.013975508712565709,0.013181401632034432,0.012789711442275259,0.011813922975032469
0.01335009948564679,0.014946312778184905,0.01500066752120274,0.012385638315538417,0.014077076705646905,0.01400462535319433,0.012581234994625927,0.012052609287757293
0.0127258922418692,0.014560159863076138,0.014220850120626875,0.01222025832637483,0.014235187844094882,0.013242992448272409,0.012352729329855273,0.012789717550764496
0.01220360474504699,0.01351674790768845,0.014163541629714891,0.013636611070692507,0.01354678909649811,0.01215348136941291,0.012853183377799188,0.012837338729269397
0.013119531600124553,0.013621662436354823,0.014546187216243301,0.012467474350685468,0.012741912264452305,0.012645722474352084,0.01282145622001131,0.012661806908639332
0.012018820961932998,0.013917188115180931,0.014077074855653312,0.013196841084706598,0.012613523043543387,0.012916343410965815,0.012613492074428346,0.011865474250319707
0.013196847004745743,0.014334856085430368,0.01422087209562058,0.013041739883607044,0.013501660778647444,0.013119519690268137,0.012789691080579965,0.011984898267263958
0.011011710150108383,0.01362163375926936,0.013755450625539924,0.013196852924782234,0.012402060061806936,0.012286646927593117,0.012932091261792634,0.011231218118559835
0.011231232030814785,0.014419807884295827,0.013165951985772495,0.012837344815095788,0.012451151428482429,0.012979196095161932,0.012483775930182342,0.011950885820306376
0.012532584613850942,0.01307292048587461,0.013975514302760624,0.01160540126636444,0.013041751864492749,0.012709882761326584,0.012286646927593117,0.011446565169735417
0.012001887873372256,0.013181397680759554,0.014932652631342276,0.012336254581787241,0.013135018003223295,0.012336248248758615,0.012597364556657609,0.012352710356098643
0.012677877098973105,0.013902563651235938,0.014518230279892935,0.012963487386823552,0.013258340536243592,0.01294781392533118,0.011675326771586881,0.011950879283062536
0.012483800962914569,0.013026118594833486,0.01293205501431746,0.012170190700368396,0.01259735215313123,0.012789680899785317,0.011393118583601244,0.011933862884735465
0.01174484927092156,0.013501647277153509,0.013365330423088437,0.012773800295396305,0.012369213715713704,0.012418447510323772,0.012236895627772594,0.011916782852557145
0.011122012708138757,0.014019152637077132,0.013755422227373953,0.011744822663199305,0.012853187429972381,0.013289012928480932,0.011831158105119435,0.012086303155707566
0.01188262803346409,0.013666447853045065,0.014419768152666905,0.012932085220553826,0.013561793377536767,0.013740657812552742,0.01213670397382804,0.011865454497405484
0.01181392958806115,0.013334839434041443,0.012900576336608637,0.013150515873594719,0.012932073138067747,0.012483800962914569,0.011779430121048587,0.012069490634999198
0.012052613609089111,0.012516359087876423,0.01482327491469637,0.012119942029976877,0.013755456305166086,0.013165965831643344,0.012286659644780052,0.012319751461169986
0.01144655151919855,0.01321223095853485,0.013426098846649389,0.012069484161995768,0.013456377245566507,0.012725935215666208,0.012402015965761374,0.011552703057365695
0.012052589841537517,0.013456348216238562,0.013651512814214648,0.012629652609236727,0.0130261365877096,0.012613492074428346,0.012548838966347975,0.01179667590955181
0.011950898894783327,0.01270991349557502,0.01403365003720225,0.012884796031563714,0.01382919428660494,0.012516346604074743,0.012220213574306575,0.011657867962310546
0.011796689154942303,0.013041743877194237,0.013990090430074665,0.013010502569398823,0.0130261365877096,0.011967891070694119,0.011916809076328557,0.012136736159555694
0.012303188103631244,0.013181433242570149,0.014292219985595897,0.012086348403605339,0.012869008518012051,0.013288989412542503,0.011605407998213592,0.011796669286850987
0.011984872192476648,0.012677864774217042,0.013621622288418268,0.013227638364361697,0.013288989412542501,0.012725935215666208,0.011813916362000085,0.011916802520391115
0.010711974899771439,0.013258352321398515,0.01357676381358975,0.012336273580853608,0.012757857057254301,0.012916355508166123,0.01176214576235986,0.011267389338706638
0.01198489826726396,0.014004623493630002,0.013990081122828894,0.012385600468824002,0.012565041203474027,0.012900540000583957,0.012385636212901351,0.012352748303582756
0.0117274939607744,0.013334821857702739,0.013561793377536765,0.012402053762381455,0.013471445496679266,0.011967917182478607,0.011933886888743892,0.012645710118257497
0.012597358354895945,0.0132276442706175,0.013784999963547337,0.012303219853829594,0.013041737886749094,0.012868978163721212,0.013072906541456904,0.01133938563929575
0.012900564224611782,0.013501670422704495,0.013740635069566473,0.012352760952718223,0.012597370758416219,0.012597358354895945,0.012597358354895945,0.011140276263106465
0.011499736184075411,0.013696132172502816,0.013531768178438474,0.012629617555769454,0.01308847198822944,0.012613492074428346,0.011779403591438744,0.011882606117416613
0.012483807221089781,0.012805602819339148,0.014277963244279629,0.012035704262665037,0.012564991461663103,0.012319719753576649,0.011899717697001612,0.010787707607581262
0.012203598343180043,0.013636612980441054,0.013501664636320469,0.012153468512870445,0.012932073138067747,0.013606752882239517,0.013350140450135101,0.011517400784971698
0.012483800962914569,0.013531739310844957,0.013873259088680883,0.011375240382808035,0.013546794863607653,0.012086309619703332,0.012532601237306377,0.011587870814562959
0.012532597081477833,0.013165971765565453,0.013725807316329339,0.011899711131647974,0.01223690626847053,0.012693890017314104,0.012932067096820474,0.011085345995577525
0.011916782852557144,0.013319591226648064,0.014004604898449178,0.01302611259720259,0.012741900001635026,0.013103997085240824,0.012629642299434562,0.01176214576235986
0.011375206042456256,0.012434819645187192,0.013740623698059224,0.012286666003368585,0.012418447510323774,0.011779443385831099,0.012035730227327297,0.011744822663199305
0.010993225897797243,0.013258352321398515,0.013591769492968898,0.0127259229374533,0.012645722474352084,0.011933862884735465,0.01246750568250656,0.012103124597116785
0.01169274614950084,0.012597407968903764,0.014134744980071863,0.011899717697001612,0.013212236871678216,0.012597364556657609,0.011916815632262394,0.01282145622001131
0.012645726593003663,0.012725910659228543,0.014033651892920343,0.012773818643681562,0.013010490559736788,0.01345635402210916,0.012837344815095788,0.011796682532248916
0.011285466087406404,0.013319597092129579,0.013057354450270547,0.011933843245018207,0.013072902557389467,0.01286899030544614,0.012052596323614263,0.012220251933232255
0.011640450083509085,0.013486585736390068,0.013946368629264514,0.012532590847665939,0.013165942095928166,0.012916323248897112,0.012385644623312913,0.012035704262665037
0.011899757089047378,0.012629629927608067,0.01378498296117917,0.01291630711929691,0.013041715921802623,0.013072920485874611,0.011967897598645581,0.011535058653296914
0.011622938886099332,0.012757838686013137,0.013380555700841927,0.012203598343180043,0.01269390848110489,0.012709907348731278,0.012516365329772593,0.012103118142101507
0.012581191526573839,0.014602049300982838,0.013561781856071374,0.012932085220553828,0.012789739948489963,0.012629580440180902,0.011675373612223292,0.011675333463117873
0.01167531338851339,0.012548818213813337,0.014163499340499628,0.012677852449449,0.012693896171914017,0.012418434928095141,0.012319745119657848,0.01248378844655473
0.01186546766601862,0.01331960295760851,0.013843943284760551,0.012286672361953827,0.012821468406738755,0.012709931936088407,0.011570293545181413,0.011552716582475309
0.011692739467934792,0.012869008518012051,0.013426093027695488,0.012170197119808702,0.013426085269044983,0.012286666003368585,0.012086322547684497,0.011692719423213748
0.012153500654201106,0.013304331415369961,0.013165977699484889,0.01218689635325582,0.012725910659228545,0.012837338729269397,0.01160541473005884,0.011428750068868716
0.012035730227327297,0.0131968351646648,0.012693883862711208,0.013072896581222288,0.01259735628759728,0.01195089235754664,0.012565003897134294,0.01119496492185959
0.01211993558391848,0.013103961313282331,0.014220851951916713,0.012483794704736218,0.013666413553306517,0.012725922937453301,0.01282146231337648,0.011967917182478607
0.010956121054004469,0.013181373972832524,0.013334845292815862,0.01270990734873128,0.012869020659708338,0.012725904520111726,0.011710132943666069,0.011231211162425894
0.012402028564647534,0.01328899529153101,0.013814461588736157,0.012270096186936218,0.01299483771778881,0.013350087781484185,0.012001874854441145,0.011640429948746167
0.011692739467934792,0.01400462535319433,0.013516719008016211,0.012001861835495913,0.013150492109993452,0.012725935215666211,0.012645722474352082,0.011710119600371296
0.011176769761802081,0.013931793489114507,0.013576752304828526,0.012757869304733714,0.013010532593505413,0.013181391753781796,0.012483811393160345,0.012220251933232257
0.011285424551163327,0.013636601522190199,0.013227608833043107,0.012035704262665037,0.013304290309833641,0.013119507780400911,0.012186896353255821,0.01174482931513552
0.012186896353255821,0.013441226228535353,0.013902558031707693,0.013026134588459722,0.012932115426719638,0.012963517519819485,0.012220243408991494,0.012548845192088397
0.011692726104791246,0.013516690108282181,0.013725854748733625,0.013119543509970157,0.012677833962274471,0.01251635284597714,0.01223687647441127,0.011744842618996647
0.012220219967469217,0.012932065083027794,0.014504175944419136,0.011865474250319707,0.012869014588861626,0.013010466540379455,0.012900592485877025,0.011285445319303975
0.011848308819897745,0.012629605183918723,0.014048097254788637,0.011916802520391115,0.012994861766034042,0.013725820597448205,0.012385632007760715,0.011213095720480883
0.012170209958679158,0.012402015965761373,0.013740635069566473,0.012451138879302033,0.012709925789253585,0.012645722474352082,0.011831151501720646,0.011933843245018207
0.01206945826994733,0.011967904126593484,0.013165953963791105,0.013165948029860973,0.01277376359874672,0.013041715921802623,0.011587877556596233,0.011796682532248914
0.011899684870197194,0.013516690108282181,0.012693896171914017,0.012467486883423352,0.013636590063929718,0.012805572314751627,0.012532603315286628,0.011499749771480538
0.011813916362000085,0.01277379417929536,0.01399008484570412,0.012741893870221963,0.01368125238017339,0.012581216365479136,0.011762112551606817,0.012789687008289141
0.010956128184795333,0.013621650965527882,0.013365336268496952,0.01259734595136346,0.013350111189799134,0.012597352153131229,0.012270089819760898,0.010937557143317393
0.011357334038995831,0.013755397615542297,0.013150474287264319,0.011587884298625582,0.012303219853829596,0.02188449615485051,0.0124184265398909,0.011967917182478607
0.012103156872141528,0.012170216378109305,0.01375544494591142,0.01278971144227526,0.012963523546410264,0.012677870936596572,0.012434794513849703,0.011899724262351629
0.012451176526805276,0.012821480593454617,0.013546748726662549,0.012789705333783105,0.013350105337724245,0.02105064763421781,0.012018814461640274,0.011410934540825304
0.011085360090903678,0.013546771795154743,0.013456377245566507,0.012548801611840604,0.013710995816618624,0.019019543815375798,0.011675353537687843,0.01186548741891092
0.011446537868645405,0.014220877589363702,0.013681269511452512,0.012402022265206052,0.013365365495501175,0.012963517519819485,0.012052589841537517,0.011831138294912004
0.012270102554108231,0.012565010114865275,0.013546766028035378,0.013814487980377703,0.012352723005272967,0.012661788398037091,0.012451161886078477,0.011796682532248916
0.012532572146211647,0.013165953963791105,0.013150480228176716,0.012963505466629516,0.01384390942478557,0.024248032030661795,0.012170209958679158,0.011984917823317216
0.012319745119657848,0.013858586388950355,0.013426116303495961,0.012581185316839853,0.013576786831082925,0.012805590617512859,0.012035704262665037,0.012253510339762507
0.012548820289108191,0.013902563651235938,0.014062622222994784,0.012069490634999198,0.01269390848110489,0.013546789096498108,0.012103143962141958,0.012253503963968836
0.012385619392195667,0.012916343410965815,0.01310401497118345,0.012693920790283827,0.012853165142809507,0.013814503061396505,0.012018794960741003,0.012565028768039757
0.012402060061806938,0.01333485115158771,0.013784981071985556,0.012467461817934984,0.013104003047224413,0.013181409534707079,0.012434807079524797,0.01200184881653656
0.012467507771202712,0.013501635704363133,0.01356182218115742,0.01228665328618823,0.012516371571665649,0.013041709931344639,0.012203598343180043,0.012236914781103938
0.012369175818743947,0.01347147062727996,0.013946400373154838,0.012369194767243338,0.012645728652394848,0.01328900117051692,0.011831144898318168,0.012483794704736217
0.012319770485686818,0.013227626551842174,0.013621673907172107,0.01290055816860909,0.012916355508166125,0.012253484836567923,0.011692759512621475,0.011482058015370474
0.011796682532248916,0.013561781856071374,0.013740635069566473,0.012693902326510947,0.013380544023319832,0.013041739883607045,0.01210317623711506,0.01181392958806115
0.011882588584633681,0.012385644623312913,0.013410948575759534,0.01241842234585376,0.0121701842809247,0.012467474350685468,0.012725910659228545,0.011410927694247007
0.012516350765298967,0.01673175623487664,0.013501658849933961,0.013072926462030862,0.013243004247085832,0.012837326557607963,0.011882588584633681,0.010900269970280553
0.012086367795509673,0.013931789750662572,0.014033657459954387,0.01250008750062708,0.013319567764696172,0.012709925789253585,0.012119967814176187,0.012597352153131229
0.012434788231007396,0.012677864774217042,0.012994855753976907,0.013561779935785225,0.01304175785493147,0.012286672361953827,0.012516359087876423,0.012434800796688837
0.01218694122766934,0.012837363072557647,0.01294781392533118,0.013057336500412327,0.013273688534842154,0.012837314385934986,0.012516350765298967,0.01186548741891092
0.011710119600371296,0.013104003047224413,0.01345635402210916,0.012153462084594112,0.01270991349557502,0.01235275462815211,0.012153494225941773,0.012253491212371544
0.012467511948861329,0.01324301407938037,0.013072872676526253,0.013711001514659682,0.012629648485343262,0.01368126380102852,0.011587870814562959,0.011984904785951926
0.012018788460434216,0.012516340362169235,0.013576758059210357,0.013057360433551136,0.012677864774217043,0.013531735461745721,0.011499722596654233,0.012500093750648436
0.012661788398037091,0.013150492109993452,0.014192226636789596,0.012629660857151576,0.014249458141569221,0.012451157703067884,0.011933856338166637,0.011066991791057466
0.012336260914812614,0.012869024706894718,0.014713054011999006,0.013426063932888152,0.013636605341567479,0.013380573217105961,0.012597368691119586,0.011848308819897745
0.012853165142809509,0.01363659006392972,0.013710967326377816,0.013606724173731165,0.012597370758416219,0.01308847397795735,0.012303213503796477,0.012253503963968838
0.011916789408505409,0.01371100151465968,0.013072908533553912,0.01319682332457323,0.013546794863607653,0.013456352086777952,0.012018853463343889,0.012500085417241489
0.012853187429972381,0.012629629927608068,0.013917167531924977,0.012932061055570378,0.013165971765565455,0.012916325265144109,0.011796682532248916,0.012932085220553828
0.013471474493474477,0.012451163977650177,0.012963523546410264,0.01241843492809514,0.013288983533551391,0.013103955351279756,0.011865480834617142,0.011267403206299724
0.012884808158383011,0.013501645348314651,0.013829182987918461,0.012884789968149787,0.01384388120807649,0.013606706948597079,0.011848315413734281,0.012613510655906495
0.012805584516595355,0.012805584516595355,0.013858569476861602,0.013181415461676844,0.013696143580950079,0.012483813479261857,0.012369156870215529,0.012789711442275259
0.012532603315286626,0.012932097303028618,0.013456371439705928,0.013501616416315988,0.013621679642577126,0.013334845292815863,0.012500075000574996,0.012837338729269397
0.01297919007584834,0.012203598343180043,0.013441261102912432,0.013975531073331946,0.013135000159497529,0.012821511060193596,0.011640450083509087,0.012564997679400237
0.01241843492809514,0.013288989412542503,0.013651512814214648,0.012947844094803327,0.012136723285274875,0.012741887738805949,0.012352710356098643,0.012467511948861329
0.012932085220553826,0.013041743877194237,0.013319585361163963,0.012119942029976877,0.012613520978894038,0.01225350396396884,0.012203572735678679,0.012001868344970296
0.011587870814562959,0.012483757155600232,0.01348658187452749,0.012821480593454617,0.012645745127116869,0.012916337362361413,0.011916806890969857,0.01205262225188638
0.012483819737430795,0.013135006107408809,0.013181371997127867,0.01347145322920533,0.013740612326542561,0.01308848392633769,0.011779450018216753,0.012500043750390103
0.012220251933232257,0.013119549464888905,0.014062631482229778,0.012613523043543386,0.013227600957971684,0.012821511060193596,0.01160541473005884,0.012018807961344032
0.012170235636379438,0.013501641490759561,0.01382919428660494,0.013591796317019079,0.013057324533826471,0.012661806908639332,0.011967904126593484,0.011848322007567148
0.012385632007760715,0.012069497107999157,0.013755422227373953,0.014048147306495617,0.013681282835684674,0.012757869304733715,0.011587877556596233,0.012103150417143464
0.012789668682768917,0.012947801857522638,0.013072908533553912,0.012853189456123333,0.013057318550529433,0.013088460050110303,0.012451159794506428,0.012018814461640272
0.012451170252229308,0.012548795386078565,0.01375544494591142,0.012119942029976875,0.013243010146488602,0.012709925789253585,0.01198489826726396,0.011762139120216753
0.012629648485343262,0.012757850933510185,0.013873268474299778,0.013426120182750738,0.013350117041871458,0.012069477688988866,0.012153481369412907,0.011796675909551808
0.011285466087406403,0.01359175224888241,0.013636607251316829,0.01205260928775729,0.013829216883950205,0.01313499421158355,0.012581191526573839,0.011640429948746167
0.012402028564647533,0.012597358354895945,0.013576775322341214,0.01246749941614864,0.01275784480976313,0.012136697536672268,0.011831125088088621,0.012629611369845604
0.01288480815838301,0.012994843729854292,0.012548807837599554,0.013041769835800663,0.01290057028061163,0.01315048418874124,0.011640409813948418,0.01259736455665761
0.012069503580995644,0.013651512814214648,0.013873242194478792,0.013165948029860972,0.014149138667424248,0.0123691884510801,0.012018820961932998,0.011692739467934794
0.015546789259629568,0.014206547420643766,0.014192230306638446,0.012979200107993303,0.013119513735335877,0.011727507284301013,0.011813903135924215,0.011950911969245975
0.013165971765565453,0.01291636155676203,0.013135004124729717,0.012963499440030331,0.01369615498938784,0.012035704262665037,0.012136736159555694,0.01213674259669098
0.012119961368131501,0.013486581874527488,0.01413475787695,0.012581230854729598,0.012677864774217045,0.013103997085240826,0.01241842234585376,0.011984904785951924
0.01354680447541043,0.011899711131647972,0.013227626551842174,0.012789717550764496,0.013858578872428924,0.012236863705487067,0.012821492780158898,0.012693902326510947
0.011375219778609408,0.012597358354895945,0.013165959897718562,0.012018807961344032,0.012532622016694406,0.012236882858868377,0.011762132478069896,0.012581228784913395
0.01307292646203086,0.01259734595136346,0.013501653063544974,0.013165953963791105,0.01286900851801205,0.012001855326018003,0.011967891070694117,0.011303472457612306
0.012434794513849705,0.012868996376304308,0.013516699741492619,0.013621639494691282,0.012789711442275259,0.012805602819339148,0.01262963611352283,0.011813896522880727
0.012336222916611605,0.013456369504377227,0.01342610272590921,0.012789729767734214,0.012451163977650176,0.01280560892024793,0.011375226646679764,0.011762159046634822
0.0139900532009353,0.012932079179312198,0.013350097534912122,0.014192235811468657,0.01348658573639007,0.012884820285190892,0.011213095720480883,0.011916802520391115
0.012613467299081567,0.01330431379872709,0.013591769492968898,0.012916325265144109,0.013606741398843445,0.013010502569398822,0.013165965831643346,0.012103143962141958
0.012645734830434597,0.012253478460760983,0.013990112767534556,0.01328899529153101,0.012853183377799188,0.01256501633259318,0.011865494003201048,0.01137524725086595
0.01572895419420291,0.014077060056051005,0.014588100710110739,0.013516707448130013,0.012994855753976907,0.013441220416130377,0.011882634608256426,0.012119974260217443
0.015041283468064374,0.013501606772343801,0.01384388120807649,0.01394640784234421,0.01230325795395946,0.013873275982862402,0.011984902613009977,0.012001861835495913
0.015282802836140147,0.014629869204815198,0.013990110906041218,0.013814461588736155,0.013887893784756087,0.013334857010356981,0.011727513946058647,0.011570293545181413
0.015242842413134982,0.013380536238257919,0.015282845436196322,0.014206556586074382,0.014809575134520235,0.01307293243818438,0.012789723659250815,0.012597364556657609
0.015269484650330106,0.014019126630607202,0.013591792485050186,0.013740646441064314,0.013651535705675512,0.012336254581787241,0.013410919448096517,0.012483825995596597
0.01552064485505247,0.013165959897718562,0.014334850635368804,0.013426098846649389,0.014263672169828268,0.012916355508166123,0.011464318513326468,0.012979178037212782
0.016288147532485087,0.013710969225648005,0.013725792137978778,0.014048128768807611,0.013799745243481855,0.012963511493225902,0.012369194767243338,0.012677852449449
0.014850747036597185,0.013946389169423031,0.01457414591671384,0.01307292048587461,0.013531745084368586,0.012253516715552859,0.012236902012219705,0.012916319216531209
0.015780610136863108,0.013501627989122893,0.014177861998963972,0.013088479947011929,0.013365336268496952,0.013165942095928166,0.012236921165541056,0.012869000423498323
0.014560183114462081,0.013103997085240826,0.013725841467647805,0.013931782273636064,0.013501653063544975,0.0125000812506026,0.012613504462083487,0.012253523091339896
0.01382917733857176,0.014091520057585462,0.01451820516753592,0.013410942750231991,0.01290057028061163,0.011848308819897745,0.011967891070694117,0.012565028768039757
0.013902513075399955,0.014405673796864442,0.014177887714148397,0.013606724173731164,0.013902507455851266,0.01365152425994988,0.012035710753835855,0.012837338729269397
0.013917178759181045,0.013441255290522536,0.013887921912042855,0.013365312886847556,0.012947807891428315,0.012613492074428346,0.012186909174533687,0.012270070718215117
0.015690116815052717,0.015000646688559797,0.014377387484171111,0.013516713228074347,0.013636605341567479,0.012451157703067883,0.012352729329855273,0.012789723659250815
0.014699249734028379,0.014077060056051005,0.014134772616140668,0.013546777562271654,0.013350081929399038,0.01302611259720259,0.013304302054285549,0.013026118594833486
0.01430647526180599,0.014891773632277654,0.013784969737060244,0.013135029899027005,0.013426083329350622,0.012757869304733714,0.01259734595136346,0.012629621679673016
0.01490544328849923,0.014306453418300431,0.014391538494835548,0.014120347686111229,0.013946400373154838,0.012805625189280426,0.011813922975032469,0.01254882028910819
0.015175921513261284,0.013242974750032563,0.013946372363808447,0.01217022279753607,0.012916325265144109,0.012052570395286365,0.01215345565631438,0.012352748303582758
0.01413476893137392,0.014306431574761521,0.013576815602894518,0.012994861766034042,0.013486587667382734,0.013410934982816574,0.012253497588171852,0.012597370758416219
0.015651133147049343,0.013843881208076489,0.014588084643754072,0.013740621802766667,0.014048125061314531,0.012483825995596597,0.011605434925571152,0.013134998176817536
0.014740687385939642,0.014019156352232234,0.014919067254579515,0.013456371439705928,0.01319684305796908,0.01208634840360534,0.012270096186936218,0.011950898894783327
0.015335978599902475,0.013621679642577125,0.01406260000071111,0.012597364556657609,0.013576784912919065,0.012385632007760715,0.011779423488651726,0.012253491212371544
0.01581922041094314,0.014363224344716848,0.013636601522190199,0.014959911709911037,0.01328899529153101,0.012352754628152109,0.01241842234585376,0.011482037602853134
0.015481234441520915,0.01426369407884928,0.014391531256668512,0.013591761828892287,0.01319682332457323,0.012994849741916989,0.011410961927097412,0.012203617548770803
0.014891735159756683,0.013990114629027649,0.014782059968477559,0.0135917694929689,0.013636595793061165,0.013334857010356981,0.01149975656517708,0.013258364106542958
0.017906481602202033,0.013010526588689638,0.014973536553533373,0.014192259665747387,0.013258322858491567,0.01305733051712077,0.012789693116790046,0.01267787093659657
0.014878087915902815,0.013829194286604939,0.013426116303495961,0.013119531600124553,0.012916355508166123,0.01205260280568752,0.012319757802678862,0.01280562112205678
0.014919048053579022,0.013843900019142005,0.01381445593336922,0.012916359540520698,0.013740610431248437,0.012677833962274471,0.012319764144184472,0.011848315413734281
0.020502058459863644,0.014643786901902572,0.014932675302726794,0.013975523619707423,0.013273676763303629,0.012565028768039757,0.011779423488651726,0.012236908396663488
0.01443387400475008,0.014476089302420966,0.014249430727927347,0.013350117041871458,0.01339574423346211,0.013576740796057548,0.012352729329855271,0.012418422345853759
0.014033642614446189,0.0159345422102948,0.057837490323203566,0.01620046215379878,0.016695258029452556,0.01467154896378248,0.012119961368131501,0.012253523091339896
0.013365357701598066,0.013319577540472773,0.015441721758221566,0.017246713909177015,0.016412593616336204,0.013242968850614026,0.012385600468824002,0.012565047421186547
0.013072914509715627,0.013288983533551391,0.014546196167784438,0.017917899426272043,0.017104539938030097,0.014249441693390425,0.012286691437689807,0.013119501825463243
0.013576763813589746,0.014363180830280365,0.014546192587122815,0.016338022818515506,0.015362481354368941,0.014206527256628671,0.011744822663199305,0.012947807891428315
0.013531725839239183,0.01318138582680137,0.015428576200727878,0.018109852867292983,0.015857781017321854,0.013931795358399914,0.012086322547684498,0.012467486883423353
0.013843903781448355,0.01315052181448833,0.0146437193240538,0.016597498401164756,0.015081843562818619,0.013975531073331946,0.011899698000929828,0.01297920211447273
0.013755437373029377,0.014235162232420585,0.015572988435161271,0.01534922551754105,0.015468056803565644,0.013135006107408809,0.011640409813948418,0.011339406308606578
0.013501647277153507,0.01368126189751272,0.014320652700965369,0.015454928590905881,0.015572939939844368,0.013395763673950558,0.012069497107999157,0.012253510339762507
0.015149106135346735,0.014905418828511107,0.013873262842905175,0.01592178719025181,0.015309426563504374,0.013273668915563626,0.012086335475651832,0.012086322547684497
0.013486579943533994,0.01356179913826579,0.014629847844162063,0.015741872077255192,0.017175758869455136,0.013829198052791543,0.011535072199094956,0.01270990734873128
0.013651493737927243,0.013350103386990431,0.015832107410049156,0.016985185795176532,0.016112338376639605,0.0135317604803785,0.012483813479261857,0.012186921995798065
0.013740657812552744,0.014149133145826756,0.01474070681938285,0.015947339284396837,0.015780641491608214,0.012677870936596572,0.0117274939607744,0.01259738316192428
0.014602027899633212,0.0136961416795023,0.01458808285856416,0.017985850197724872,0.01513568579263369,0.013725830083884425,0.012086329011669894,0.012170214238253985
0.014134739452851618,0.013426087208739062,0.01658522026670131,0.01593453894160941,0.016238094999311545,0.01350164149075956,0.011375226646679762,0.01206945826994733
0.014177852814865869,0.014363235223305371,0.014837030498047783,0.017152097631922457,0.016560644551264703,0.013990109044666762,0.013165942095928166,0.012136716848129343
0.014768306085048033,0.01578057383140212,0.042336930114440285,0.016804583019620966,0.015625123334019907,0.013887901285291453,0.012451132604707094,0.01657294560672101
0.01302614058608049,0.014532199342838647,0.034143779558117655,0.017573948672111227,0.016238093395521118,0.013441220416130375,0.012035728063561422,0.012837344815095788
0.014574140556135722,0.014320661793366956,0.013858603301018471,0.016597495263040943,0.014946335428848996,0.013814457818532007,0.011176748791725316,0.012994855753976905
0.014405650295977618,0.013319575585267973,0.014588088214019,0.01722307606062285,0.016889090568914595,0.013725814905559039,0.012303194453677469,0.012270102554108231
0.01375544305266101,0.014048141745203647,0.014405655719253696,0.016124978199261748,0.015027747773979085,0.012402039063664761,0.012369194767243342,0.01379972259787614
0.014149153391634427,0.014019115484996432,0.014905422322765633,0.016816671571687425,0.01649914533922894,0.013710993917230558,0.012352748303582758,0.012402032764228613
0.01278967886357329,0.014206536422072296,0.014768288451442168,0.017492711281321332,0.016572944035435185,0.014019134061049088,0.012286659644780052,0.011464325328019382
0.013531745084368585,0.013887897535024276,0.014532208302881343,0.015883388532835177,0.014959896042865182,0.012837326557607961,0.011375226646679762,0.011657874663862764
0.013456400468983774,0.014220846458163688,0.0146298603044709,0.016112322213966135,0.016061744471258407,0.013441261102912432,0.012018788460434218,0.012136716848129343
0.012979178037212782,0.014891815602146483,0.015309445274894844,0.016486760788129367,0.01603640877186452,0.013902544919426326,0.012220277505782483,0.011848289038366117
0.014795802826477515,0.013710971125039492,0.013873257211508288,0.017746722116445426,0.015741870423015177,0.013784965958790033,0.01139307743983161,0.012868996376304306
0.015269515349108718,0.01462985140423511,0.014320667248828413,0.016362883558988003,0.01578062498910188,0.014462048035173536,0.01259735215313123,0.012052615769823579
0.013026154580560861,0.013770240785355452,0.015269520465565819,0.015572981746120427,0.015162569560269132,0.013591744584796074,0.011933843245018207,0.012319749347287873
0.013456359827977254,0.014206585915576858,0.015175957549305855,0.016338010067069572,0.014615945381842396,0.013288987452837282,0.011950918506471933,0.012548845192088395
0.011899711131647974,0.014850724240027265,0.018322030370794967,0.015572954990035342,0.014546196167784442,0.013636578605659611,0.012677872990634774,0.012336248248758617
0.014349069004294323,0.013621668171764674,0.013858575114226813,0.01581923028837581,0.01456017596024627,0.013196856871429654,0.012725904520111724,0.012119903353575061
0.013380526507017577,0.013799713162115607,0.014292207230807052,0.01675611207047546,0.016375369749209733,0.01403364632588409,0.012220251933232257,0.012069516526978206
0.01440561956407985,0.013212260524225219,0.01491907074563739,0.016061702315757195,0.016731773355654803,0.013740612326542561,0.013026118594833484,0.013395728681125688
0.011831131691502156,0.013273712077887885,0.016362885150445403,0.015388967234299167,0.014091521905682629,0.02817596632791264,0.012052576877373569,0.011692752831063066
0.012613514785076099,0.012773781947084688,0.013975529209896373,0.014447955270210385,0.015388979080064626,0.03145147676879948,0.012629652609236725,0.012136729722416991
0.012434819645187193,0.01336531873226374,0.015122217375823782,0.014713077021876379,0.014363191708901844,0.029071295712867703,0.012789705333783105,0.01290057028061163
0.012467486883423352,0.013858592026308687,0.014878080914553466,0.013814463473898171,0.01456013303441971,0.028139628604218172,0.011984878711178796,0.011779436753441709
0.012270051616639598,0.0140770563560592,0.015282840324200212,0.014932697974188502,0.014740694452659506,0.024273454080091964,0.012500075000574998,0.01165791487309516
0.01233624191572674,0.013273676763303629,0.014377398352043162,0.015014213752974213,0.013740621802766667,0.03038536817472077,0.013725818700111603,0.01181392958806115
0.013135012055317396,0.013799732033509446,0.04009597243323407,0.016523781001635186,0.014091488640606194,0.027228318018930223,0.012336248248758617,0.011984885229877396
0.01215345565631438,0.013395750065599166,0.031625504773152104,0.01617530831210542,0.01521614497022817,0.02610681833531872,0.011727480637232647,0.011393104869027875
0.012805627222956844,0.014447951665316901,0.026455293462651304,0.015402185486157478,0.015054777585537426,0.017163898948422726,0.012286659644780052,0.012900586429887598
0.012069482004281156,0.013456342410365457,0.014077093355223114,0.015322750822061944,0.014062633334123453,0.03839006965544606,0.012979200107993302,0.012153462084594112
0.012385613084408323,0.01351670552144025,0.014546210490078395,0.015481220984147214,0.014782052921532923,0.028513146640278073,0.01290056422461178,0.012319757802678862
0.012319726095101844,0.016425173616383276,0.02190285785862201,0.015415372131468855,0.01451819978630271,0.03162544548613769,0.01290055816860909,0.011796675909551808
0.01208629669170834,0.013666400214455404,0.01493268402258393,0.015041311169797223,0.014754502315338645,0.02584835181802379,0.012709888908182218,0.01218688994261183
0.0127418509502479,0.013010514579049774,0.030962298987908934,0.015612092169639963,0.013119499840441074,0.01359175224888241,0.01128545224200903,0.011813922975032469
0.011865454497405484,0.015612072152771179,0.014809578651388659,0.015985577811421143,0.014809541723834673,0.013606743312661802,0.011535085744877091,0.012018801461044277
0.011967917182478607,0.013026136587709602,0.014602035033457953,0.014713073481827876,0.013606718432022226,0.013057318550529431,0.012286666003368585,0.012270096186936218
0.011675340154645032,0.01288480815838301,0.013576758059210358,0.0149735243791055,0.01305737240010409,0.01318137989981828,0.011727527269562554,0.011410948233969574
0.012613523043543387,0.013350087781484186,0.013710984420529404,0.013621668171764674,0.012900582392602798,0.012186902763896439,0.012516334120260613,0.012369194767243342
0.01246749941614864,0.012725929076561235,0.013990064369699426,0.015242856080745937,0.01359177907296662,0.012103169782127327,0.011285445319303975,0.011482085232003812
0.0137554014019342,0.014263690427387064,0.015256175321871032,0.01587059732387747,0.013591780989014406,0.012035710753835855,0.011158523928369739,0.012303194453677469
0.02059118566587817,0.014292205408660111,0.01804232437340045,0.015572980073940033,0.013441251415511878,0.012467493149787573,0.012136723285274877,0.012220271112649943
0.01967154181429779,0.01563810700351335,0.01728208971879076,0.014671556063803642,0.013057318550529431,0.012709919642415789,0.011692752831063065,0.013501635704363135
0.018366391833727166,0.01532274742297651,0.01618793596735956,0.014476071312744584,0.012629629927608068,0.012369156870215529,0.011158530929816285,0.012757844809763129
0.015585985459326379,0.013829198052791541,0.016462102945300355,0.015162559255174133,0.012303207153760088,0.01222026471951406,0.011727507284301015,0.013010502569398823
0.016200475013612,0.01493268925433951,0.015909015396151957,0.014671540088836392,0.012253484836567923,0.01225351671555286,0.012581185316839853,0.01259734595136346
0.01873924900198333,0.014836995394059182,0.017689318959709367,0.014726866570432876,0.014685391693732019,0.011848302226057537,0.012220245540086338,0.013770254023619177
0.015546789259629568,0.013711001514659682,0.016597468589567104,0.01506834257508104,0.013010496564569188,0.012741893870221963,0.011375254118919717,0.012319757802678863
0.017849646210732952,0.015349244180414877,0.016486782902019825,0.014795832748052183,0.012709895055034877,0.011967904126593484,0.011762132478069896,0.013380559593305507
0.01770080918710592,0.014220895901747308,0.01662200082756786,0.01485070495066368,0.013258346428822364,0.012303226203859432,0.010693023670833243,0.012805596718427455
0.015296153691369607,0.01325837982001069,0.01599827708952853,0.014754534085719776,0.013041727902710337,0.011882608309065257,0.011552682769671582,0.012789727731529968
0.017317352660650338,0.014062592593235907,0.017080769372016,0.01509532039932685,0.013441226228535353,0.012352729329855273,0.011339378749517102,0.013072908533553912
0.017329154145495195,0.014220901395598432,0.015754837221892627,0.01369614358095008,0.013165930228054531,0.012483800962914569,0.012236876474411271,0.012677852449449
0.01833317376951774,0.014602045734131456,0.017457763764774304,0.01566415012052468,0.013088462039840026,0.01160545512104832,0.01186546766601862,0.012418445413241816
0.017585459489257972,0.014685405880272203,0.01854284523560682,0.0166952393113526,0.012900580373895331,0.01241841605472829,0.012253503963968838,0.012385619392195667
0.016804538078497324,0.013843892494767022,0.01951576552986499,0.017128342892654073,0.01446203903166263,0.012613516849726463,0.01169274614950084,0.012916329297508125
0.018019720101368573,0.014447931838213617,0.0211949102098043,0.01809865398590919,0.014532181422736691,0.012581241204335394,0.011285431473881124,0.013041731896301197
0.016658679858460174,0.015041278273969935,0.022115655984995486,0.018597601493024127,0.013441237853337765,0.012900606616551024,0.012352729329855273,0.012741885694956354
0.017175805871438268,0.01549435885368177,0.020392597207851346,0.018542834000092868,0.013057336500412329,0.012270089819760898,0.011249325211762704,0.013395738401322516
0.01703305227579602,0.014782033542558798,0.019619779031248032,0.019557422132488046,0.013975523619707421,0.01294781392533118,0.011675333463117873,0.012661804851863207
0.016695245550655036,0.01480955051619281,0.02187514166746507,0.018922990868165276,0.013531733537318862,0.012303232553885993,0.011744809359315574,0.012220245540086336
0.016175337291640425,0.013917199342420397,0.01842174892289908,0.01615015560549392,0.013350111189799134,0.01230323255388599,0.011865461081713878,0.013041727902710337
0.01679245629972975,0.013740627488522254,0.02215232188010999,0.02016187680028821,0.013273698344407761,0.012709929887100086,0.011482064819534857,0.013426071691426848
0.015638155296741365,0.014629887005259704,0.02092440386562223,0.018476880966764923,0.013304260948658518,0.012385619392195667,0.011357313402311893,0.013561804898992367
0.013696109355579784,0.013561831782309746,0.018042317156433462,0.061924851981359906,0.020252485702871137,0.013135018003223295,0.011339406308606578,0.012884800073794963
0.013304339244898012,0.013931804704583921,0.01916863554307748,0.05401044387889254,0.022804137738357926,0.014405668373595169,0.01238563831553842,0.012402066361229218
0.013258340536243592,0.014919100419875639,0.018109865809276444,0.07088065326152122,0.023944337036169258,0.01554679260983864,0.012741863213112384,0.012677875044804105
0.012916321232649798,0.014177904245338945,0.01912615941622886,0.06224923674162599,0.023087845153240274,0.01429223820668641,0.012186915585167562,0.013088462039840027
0.012916331313754177,0.013227589145418755,0.018076148967954057,0.06794955601222376,0.02172582109230857,0.014192215627119914,0.012597370758416219,0.012821490748998991
0.012645716296306298,0.014048147306495617,0.01814354726461541,0.05450543814794998,0.021433580182391367,0.013740612326542561,0.012086313928985959,0.012837338729269397
0.012270096186936218,0.013960997570553477,0.01588345739456621,0.05499211828788135,0.02015176920628393,0.013960997570553475,0.011482017190299504,0.012119942029976877
0.012352741979010168,0.013242996381169433,0.017940582634444546,0.0653146112213033,0.022759460603047402,0.014004627212758409,0.012369163186394893,0.01272587996361483
0.012119952773354084,0.01270991349557502,0.01787239564500704,0.05682584918965137,0.01986706078466733,0.014905466001381285,0.012220239146937074,0.01251635284597714
0.01228669567669301,0.014447926430806602,0.018076121594984545,0.0624809191789248,0.020972974302460458,0.01461597567150411,0.011744796055416768,0.01186548083461714
0.014033637047406256,0.013931793489114507,0.017434432975245658,0.058456943302884624,0.01906222472623102,0.013319561899201741,0.012086348403605339,0.01270990734873128
0.013088450101711816,0.013799711275059346,0.018244199993011474,0.05760848327030491,0.02125248637579456,0.014391504113654464,0.01241844121921105,0.011950898894783327
0.012645703940205675,0.013931795358399914,0.017434465836717414,0.06496794983986336,0.021912283704009494,0.013843920711453099,0.011916822188192622,0.012319732436623777
0.012916331313754177,0.013576775322341214,0.017504349907380163,0.06262404607721915,0.02085628215370611,0.013621664348076806,0.011710126272020583,0.012086309619703334
0.01286900244715961,0.013681286642710183,0.01852086309638403,0.059505608551827564,0.021452580338854346,0.014419773570633256,0.012693896171914017,0.013057342483701141
0.013212219132240176,0.013319597092129579,0.016852943920771427,0.0676136591410838,0.018630416579570444,0.013740606640780702,0.012136723285274875,0.01328900117051692
0.012035743209637424,0.013887908785942782,0.01721129111107008,0.06427201552752178,0.01968185898160198,0.018177010149866047,0.012900586429887598,0.01277381660494101
0.013365347959306311,0.013829209351465713,0.018042340250551382,0.060860842606296,0.02049210849217327,0.014120349530435382,0.012253510339762507,0.012001842307051586
0.012979184056531956,0.012853171221142276,0.01641256188213772,0.07014750289566025,0.018987382050807668,0.014206541921359096,0.012018814461640274,0.0124020726606483
0.012336229249653234,0.013165953963791105,0.016961227999371588,0.06344038684630109,0.020482243963329146,0.01381446724410078,0.011482044407029612,0.012532603315286628
0.012994865774027834,0.013304296182060893,0.01745778315704297,0.06619663948864775,0.020101228845562317,0.013441226228535353,0.011710146286945637,0.01278967886357329
0.012884783904733004,0.013319614688558627,0.019599004812532357,0.06652761391419856,0.021772632502945838,0.014048113938710777,0.011482037602853134,0.01339575784181943
0.011517434701356027,0.013456365633842844,0.016889129117374085,0.062026371041181624,0.020856260926797654,0.013441253353017348,0.012597376960171776,0.012645710118257495
0.012516359087876421,0.013960977051887643,0.016768216929705634,0.06584206166804266,0.02004035707021376,0.013104014971183452,0.011321457090042194,0.01270993808292026
0.01246749941614864,0.013887882533825427,0.01795192219443366,0.06024310192770345,0.020953587726130974,0.012170190700368396,0.011517400784971698,0.013426098846649389
0.012548836891056214,0.013041743877194237,0.02053180079287575,0.039296175402448515,0.016462091871630405,0.012035717245003168,0.011899704566290711,0.012170203539245623
0.012001868344970296,0.013975506849127154,0.024079891443519155,0.01581925827396257,0.013135023951126496,0.01233624191572674,0.011950885820306376,0.01160543492557115
0.012369175818743947,0.01434908352334741,0.022115668937693626,0.014864422886431437,0.013072896581222288,0.01274190613304514,0.012369188451080102,0.011692746149500837
0.013165928250032356,0.013561758813111226,0.023807999904198872,0.015586022218160734,0.013165965831643346,0.013288995291405595,0.028276677581061987,0.012385632007760715
0.012709876614467978,0.01502775990425719,0.024918610223418697,0.016213010787224768,0.013196835164664798,0.011622911999294036,0.011967910654537825,0.01220359194130974
0.012532603315286628,0.015054808722021902,0.022786216595052956,0.015081805575151363,0.012069477688988866,0.011779410223846808,0.011796689154942303,0.011194923049832306
0.011796695777631972,0.015149083787752093,0.022426246018337533,0.015027744308056793,0.012947807891428315,0.011535058653296914,0.011535085744877091,0.012119967814176187
0.012613504462083487,0.014782042351166048,0.02279515607930773,0.015389009540469676,0.013334815998918021,0.012236908396663488,0.011499729390366831,0.011865491808391257
0.011984909131695577,0.01524284412142301,0.02399527026016447,0.01602366170407584,0.012677858611834519,0.012500056250473438,0.011605401266364439,0.012418447510323772
0.012467486883423353,0.014891747401049572,0.025024573861440014,0.014349065374557794,0.012467480617055986,0.011499736184075411,0.011499742977779982,0.011762132478069898
0.012613527172708935,0.0194531595568689,0.02359336837549202,0.014754505845447127,0.012500075000574998,0.012352697706911367,0.012352716680687425,0.012069477688988866
0.01211995492208339,0.014532204718887864,0.020571398784761007,0.01514912332579018,0.012270083452582275,0.011357334038995831,0.011727487299005416,0.01222026471951406
0.011899711131647974,0.014004593741281228,0.021480953289328978,0.014782061730128629,0.012136736159555694,0.012932061055570376,0.01139307743983161,0.0121701842809247
0.012869020659708338,0.016112299586030544,0.023935818044686367,0.015844962562015306,0.012757857057254301,0.012119961368131503,0.011375233514745973,0.012001887873372256
0.01169274614950084,0.015559888503670799,0.02051200233131812,0.015095272094654891,0.012693902326510947,0.01206945826994733,0.01186548741891092,0.012170190700368394
0.012119967814176185,0.014220862939299196,0.02119495444231166,0.014987095144490144,0.012286672361953827,0.012932085220553828,0.011692719423213746,0.011831151501720646
0.01174482931513552,0.013946379833012822,0.02204194982625932,0.013843888732457607,0.012916331313754177,0.01294781392533118,0.011916802520391116,0.011882614883868506
0.012220245540086336,0.015844942839331,0.022804132028538166,0.015349247573741195,0.012916337362361413,0.013546810242513429,0.011950898894783327,0.011916802520391115
0.012693902326510947,0.014518181848806001,0.02159433037215247,0.014433895655423964,0.012629648485343262,0.011933895617525737,0.011831131691502156,0.011552696294804949
0.0121367104109804,0.014091501576955288,0.022946415162649413,0.01570302684559042,0.012352710356098645,0.011675333463117873,0.011121984610371179,0.011984891748572452
0.011882608309065257,0.016288144334965438,0.021678966261909263,0.014433864983664866,0.012613510655906495,0.012001900892289244,0.011375219778609408,0.011933869431300703
0.011779403591438744,0.015162531774959836,0.022326232353482005,0.015068316651227723,0.0123691884510801,0.011882608309065257,0.011813916362000087,0.011194930028514396
0.01195089235754664,0.014476082106530069,0.021499934594396638,0.014740735085978583,0.01215348136941291,0.012035710753835855,0.01246750568250656,0.011464332142708242
0.01186546766601862,0.015375690195240018,0.020080942329523944,0.01403363333608466,0.012916343410965817,0.012286672361953827,0.012069477688988866,0.011640423237150787
0.013350126795278016,0.01468538637376173,0.019115493281062178,0.015441772352237725,0.012203566333794942,0.01181392958806115,0.012035723736166985,0.012035710753835855
0.012434817550866333,0.013858590147029148,0.022964110360190308,0.015335985392316117,0.012597358354895945,0.01246749314978757,0.012119922691791397,0.012385644623312913
0.012319732436623777,0.014768267290884197,0.019598986210133416,0.013740629383814025,0.012253491212371544,0.011779430121048587,0.011517414351537416,0.012069503580995644
0.012336235582691613,0.01570303182079817,0.023627867993043023,0.014782058206713529,0.013041721912257857,0.01160540126636444,0.012270108921276942,0.01174479605541677
0.012186928406425195,0.015027758171408449,0.023087832745662094,0.016150153992970675,0.012186896353255821,0.012581191526573839,0.012319730322738401,0.01243482592801363
0.012789687008289141,0.015428596455445972,0.021194916353062903,0.014671579138649894,0.012741887738805947,0.01222026471951406,0.012170190700368396,0.011762125835919287
0.012170203539245621,0.01458809713973462,0.021660177915859016,0.014249445348503921,0.012629629927608067,0.011831131691502156,0.011796689154942301,0.012035710753835855
0.012434800796688836,0.01379973014633499,0.021166119375746074,0.013917150691023887,0.012645722474352082,0.012086316083695644,0.011393098011735,0.012385657238852259
0.012270115288442351,0.014946279673160588,0.01897665712614667,0.014574142342919077,0.011933856338166638,0.01188262803346409,0.011710119600371296,0.012018840462790078
0.011552696294804949,0.014405641257218186,0.021716451018640226,0.014277977835639052,0.0125811791071028,0.011779410223846808,0.012270083452582275,0.011796675909551808
0.01377017270286276,0.026623959296937793,0.023893332295817044,0.06339861247221161,0.023662293097915656,0.015108792109232294,0.013636559508480625,0.016275623228876164
0.012385625699979799,0.015041290393557774,0.01822186615859272,0.056485003780221754,0.02401222399338165,0.014740699752668915,0.014405646680381969,0.0176777829620968
0.013072888612952636,0.016840890683492166,0.02040257655910155,0.06219047502313625,0.02565086956495498,0.014657654073839147,0.014574149490393372,0.019887492144435904
0.013456377245566508,0.015960067356948507,0.021098706517659636,0.0745594180815766,0.02950895962237571,0.01526950682171279,0.014905439794249617,0.018869147134851286
0.014823318835368821,0.01667084921582181,0.021021439949767157,0.07201152469859713,0.02769512451608887,0.014891763139791967,0.014643785123503191,0.020030229759416138
0.012837344815095788,0.01636295995182412,0.021319392215734794,0.06750805315502488,0.026215754945579334,0.014768299031653354,0.01530940104777671,0.021763257455016546
0.01307291251761953,0.015335997279005585,0.021650834762428905,0.06712731646480935,0.027665689774399874,0.01521612956700882,0.014206516258041592,0.019650806414792922
0.012773794179295361,0.01598556803687835,0.023210858630965524,0.06894534407896351,0.031185006581635782,0.01648677816332429,0.01417787669334399,0.019578216531517877
0.012805602819339146,0.013725809213667515,0.020943862218718554,0.07631816353552409,0.024515333744651875,0.013740623697937927,0.013072902557389465,0.014878105419485822
0.012963499440030331,0.015520599551939568,0.019253408114452527,0.05960083325013168,0.024507022804426223,0.015507522537680438,0.012516340362169236,0.012661782227830331
0.012805572314751627,0.016200442864008378,0.021185344655956548,0.07006386782278248,0.026852148231783377,0.014447962480110014,0.01259734595136346,0.013289024686434543
0.012884818264013921,0.01517594382122575,0.022705750810202246,0.08381671177948344,0.03069843406820615,0.0152695426368965,0.013740612326542561,0.013196827271229502
0.014004640229343036,0.014987065604880764,0.02122370616029004,0.06815323135613843,0.028255091725415918,0.01569009191862814,0.011950911969245973,0.01285315298613535
0.0127259229374533,0.015202740982138713,0.020620856277363132,0.07644329037114157,0.026570312087616392,0.015349242483751439,0.013010508574225683,0.012645728652394848
0.013041733893160067,0.01544175548758409,0.021338413499406808,0.08193126804952633,0.02727317344317795,0.015282831804239248,0.012963509484317895,0.013546766028035376
0.013227650176870671,0.014671554288770271,0.02109869540903734,0.06928420504733865,0.027138551723762522,0.014419782600534127,0.012352704031506626,0.01327367676330363
0.0118483264034068,0.015041297318937176,0.02283978619452614,0.07227628848330318,0.02864838973581239,0.015189350882882827,0.013273712077887885,0.013165948029860973
0.012483811393160345,0.014726916083484693,0.022480602751149718,0.07738485314780062,0.02847030159660532,0.01565115477778983,0.013072908533553914,0.01369612076404605
0.012629617555769454,0.014405666565799728,0.02111796727228578,0.07825022564938709,0.02773185123655951,0.014959932599279985,0.013072902557389465,0.012677852449449002
0.013181415461676846,0.014377389295406407,0.02004040255159561,0.0760644400376308,0.025809034776830903,0.014447964282613199,0.01301049656456919,0.012220239146937074
0.013150503991672715,0.015282814764194018,0.02088550633948496,0.0721383427622463,0.02932221365469645,0.014959915191437419,0.0131350219684501,0.014278001546668454
0.01297919007584834,0.014864396606937443,0.02030265081875599,0.08579561530481418,0.026662047289890054,0.01469923556084919,0.01262963611352283,0.012709923740264273
0.012773798256652823,0.014177863835688836,0.019887548450978062,0.07731656770752092,0.02720593388619476,0.01437737118234763,0.012789699225288036,0.012597376960171776
0.011882641183045124,0.013960984513159046,0.01927446970312456,0.06775769580237116,0.025170495191659096,0.014768277871223399,0.012385613084408326,0.012932079179312196
0.012853165142809509,0.015068340846788675,0.021386089961039315,0.0741023772827161,0.026005352014505278,0.015428552569991781,0.012451195350514213,0.012725910659228543
0.011882601734258369,0.013531752782314149,0.019019501369646887,0.06327953794459681,0.024754814347886622,0.014713084101744272,0.012369182134913637,0.012352716680687425
0.0120188339625079,0.013516695888233931,0.020192102159920507,0.06623321702630285,0.026324158641667292,0.015041314632593346,0.012613514785076099,0.012757857057254301
0.012869008518012051,0.01403366302698622,0.019327193710288102,0.0667445409886831,0.025587366167049454,0.028413086591950323,0.01393181592004431,0.013041719915397152
0.01230323043716568,0.014004619774619613,0.020202180550994982,0.07022016011918039,0.024281846036459696,0.015041285199465727,0.013119525645197697,0.013591744584796074
0.012434807079524797,0.012916319216531209,0.019989600162334413,0.06637725671616246,0.02545181927164868,0.014532219055085841,0.0120694906349992,0.012837350900919291
0.013212236871678218,0.013887908785942782,0.020895246545247232,0.07054400556137518,0.029343026039674234,0.015402183795325907,0.012725904520111726,0.013546771795154742
0.015728949227194634,0.020202184418110166,0.0173173556681344,0.03363955811694518,0.020080986422193834,0.015481234441520912,0.012613523043543386,0.014105930159097392
0.017021103630346653,0.02109874724906671,0.014192235811468657,0.01596007225192501,0.0167803456473141,0.015256202633519261,0.012597374892876162,0.015054820830828023
0.01702109904040668,0.02375668381971693,0.014823308294315862,0.016213015605936278,0.01673179358935158,0.01562519000076479,0.013441237853337765,0.015468114045728612
0.016212999543627534,0.022280603953962592,0.015546782559316468,0.015625115000803463,0.016621980460121668,0.014959887338980866,0.012725916798342403,0.014864440406105664
0.016325567085556325,0.023524304808573343,0.014740710352682014,0.01587057435140056,0.016387741545181463,0.01487810366909484,0.012677868882426575,0.014891794617226855
0.017317357171972476,0.022298903421842674,0.015189350882882828,0.0164373669210836,0.016362924938561563,0.015202754685911367,0.013196805564415959,0.015832109055071174
0.0168045876686001,0.021753926251407277,0.014946318005281437,0.01725853653664373,0.016804576820814817,0.015014222425365003,0.013072908533553912,0.015229490991877134
0.01649913429052163,0.01995901334218035,0.014134756034505869,0.01622556576558529,0.016901171065392677,0.014249428900310357,0.01286900851801205,0.015041300781736489
0.017643271411362463,0.02318452642777075,0.01570305006317775,0.01691315670796949,0.017746719181537,0.01460202789963321,0.013103995097869964,0.016175319581902135
0.017152026271940388,0.021290735467060156,0.014048134330104718,0.015896194022731774,0.016913164406560155,0.01446205163655328,0.01160541473005884,0.01579348247162945
0.017293818893273208,0.021819290969193595,0.014033629624762086,0.01615016850536448,0.015909026854692695,0.014120393793198549,0.01336534211390291,0.014864414126642644
0.01658520770521129,0.023936004092301344,0.015454931960920005,0.016412576162504168,0.021480983597358855,0.014809589202101457,0.01198489826726396,0.015494377341743467
0.015282836916129153,0.026114621145187363,0.017364320010632914,0.020080957891536612,0.03223730774552987,0.01369612646827562,0.012581228784913395,0.012868996376304308
0.013636599612440048,0.0265012254058185,0.016362932896030587,0.022732613549919862,0.04011120739487905,0.01432068907065346,0.013010490559736786,0.01269390848110489
0.013227636395567177,0.022606974865440676,0.015703081572682902,0.02084651499795589,0.035852712665849995,0.013334825763516123,0.012069484161995768,0.011796715645678673
0.01453221547098033,0.024812384029989275,0.01618788931428883,0.02281298458499019,0.0335849133745347,0.014249452658845066,0.01301049656456919,0.013212248697957011
0.014919056781289271,0.027994825605219747,0.018542814338219176,0.019999737629779045,0.03145799034466443,0.01497352785746677,0.012086309619703334,0.012369163186394893
0.014405630410653101,0.027481278667212714,0.016036356806176398,0.02145257912489778,0.03690402142287477,0.013858608938369925,0.012613533366520793,0.012741900001635028
0.014277972363866425,0.02931511271466193,0.018575716396189584,0.019795238933305818,0.0319329130777583,0.014490156502087893,0.012516334120260613,0.012220239146937074
0.014532192174846392,0.026485977030056243,0.01768928951592837,0.02076823119867618,0.038585688938625066,0.013546777562271652,0.01266182953262811,0.013471476426633178
0.012629640237420331,0.022633897307541482,0.015690072001375052,0.018739268457840075,0.027841595737014314,0.013334837481074401,0.01262963611352283,0.012369182134913637
0.012035717245003168,0.012369207399560142,0.01319682332457323,0.012597352153131229,0.012629592812055872,0.012773800295396305,0.012018768959492759,0.011779416856251133
0.011882595159447843,0.012001861835495915,0.013606701206880872,0.013319614688558627,0.01432063633455814,0.012629615493751184,0.013119543509970154,0.011779443385831099
0.01157030704972863,0.012868990305446137,0.012932109385492118,0.013150462405431478,0.01238565093108419,0.012369182134913637,0.01282146231337648,0.011692719423213748
0.011446565169735417,0.013212213219088872,0.01339575200968576,0.012369182134913637,0.013471464827924247,0.012532578380032845,0.012916337362361413,0.012629592812055872
0.016852905289642693,0.013165948029860973,0.012661813078834063,0.012018840462790076,0.012789693116790046,0.01926394111117971,0.052741386550791414,0.015202758111825192
0.0165606366884952,0.012402041163520894,0.013196829244620342,0.012086335475651832,0.012352733546196702,0.01206947121597849,0.012136742596690982,0.012693902326510947
0.015533645439604104,0.012319745119657848,0.013212234900588671,0.013350079978661802,0.012868978163721212,0.012932067096820474,0.012153487797679042,0.012516346604074743
0.012994877798130052,0.012757832562260202,0.013135018003223295,0.012709925789253585,0.01282146231337648,0.012236882858868377,0.012236876474411271,0.011357299644501767
0.012136697536672268,0.013755426013759082,0.0130261365877096,0.012369175818743947,0.012789693116790046,0.012709901201884565,0.011570334058775774,0.012069477688988866
0.011796689154942303,0.013135041794819944,0.013873259088680883,0.013365336268496952,0.016263159736861304,0.014062594445134701,0.01387321403730945,0.011710132943666069
0.011916795964450064,0.013666430703186551,0.013380530399489653,0.014588089999208262,0.019826039013546466,0.016658662662760976,0.025832674727819686,0.012253503963968838
0.011899698000929828,0.013441228165920456,0.013666390686766325,0.014518206961318147,0.022179977012574504,0.01626316454081636,0.02819016386256621,0.013041733893160067
0.024265132203740422,0.012418466383642815,0.013829182987918463,0.016597503108148524,0.022005004167196453,0.01579348741823667,0.02645529740357622,0.026394026520250125
0.012069497107999157,0.012103163327136148,0.013887948164085775,0.016925209256510438,0.02303491462410921,0.015175943821335575,0.03555091859640667,0.013041751864492747
0.011410961927097412,0.013990086707200927,0.013917160047042645,0.015754810774543333,0.022839765670973955,0.016362937670591632,0.030863542495934152,0.01248380722108978
0.01198489826726396,0.012613516849726461,0.014077098905077474,0.01626314372417994,0.022262336234845918,0.016901151034569607,0.03307831734590904,0.013946405975017366
0.011194937007192134,0.012916349459567386,0.013887893784756087,0.01654839100456597,0.02337684317752649,0.016263135717679622,0.025801158728953763,0.012581185316839853
0.011657888066955639,0.011933875977862347,0.013696134073830227,0.016889093652759066,0.022669865162994098,0.016087069407809077,0.022804130886603276,0.0129635114932259
0.011831131691502156,0.012597333547818761,0.01417787669334399,0.016437319391605996,0.024147437214605896,0.016486817652344755,0.01849886187490102,0.011967921534390729
0.012136723285274875,0.013165971765565455,0.013561747291616473,0.015481271448969129,0.023210877704681204,0.015428550882157839,0.013456390792482212,0.012303213503796479
0.012170197119808702,0.012136716848129343,0.014149144189019585,0.01708076327344107,0.020402625062558327,0.015832107410154422,0.01635044517192116,0.012677852449449
0.01176211255160682,0.012645734830434595,0.014504179535338543,0.014363238849461035,0.0199691819865011,0.015507495668654347,0.015599038432811598,0.012418460092539656
0.011393132298158103,0.013319608823084859,0.014004599319866315,0.014278008842272094,0.02180996702244183,0.015322745723379128,0.014077021206917322,0.012186915585167563
0.011640443371925317,0.01286900851801205,0.01381446912926202,0.01625065303323736,0.022741566089175422,0.015612122194734878,0.01735253343741676,0.011762139120216753
0.011587864072525763,0.012629617555769456,0.013755405188446226,0.015175948969339612,0.025162443079915758,0.014823336403511415,0.02049210722139949,0.012947769676601965
0.011967904126593485,0.012916343410965815,0.013576821357249521,0.015832084381828357,0.024746638557051212,0.017895133621695404,0.030398863657846383,0.01250008750062708
0.012500056250473436,0.014062627778560214,0.014263721465078228,0.015908995752979924,0.020252507562521727,0.016973221864405513,0.026844665537868045,0.013119529615106889
0.012645685406032104,0.013531779725458637,0.013917139463745176,0.01548123948800612,0.020040386958007233,0.015947322954496156,0.0385649523182211,0.012451145153893813
0.01155271658247531,0.01258119773630476,0.013960965859853684,0.015625111667280974,0.021995726977491185,0.01538895031188504,0.022884220023850498,0.012385625699979797
0.010711996779701407,0.012001874854441145,0.013181385826801369,0.01546807363954327,0.022928662013514883,0.01646212351034945,0.022534747475214063,0.011744842618996647
0.011339385639295749,0.014134735768076225,0.014532219055085841,0.015242854372349906,0.023368132905519007,0.017481079803414127,0.015108754189321281,0.012963493413428343
0.011744835967067968,0.013258315001663423,0.013785009409258068,0.017246738068738294,0.022498733762147595,0.015108754189431594,0.016362902657179542,0.010844145646538197
0.011984878711178794,0.012001848816536558,0.013740629383814025,0.015960096727307138,0.022687778351056474,0.018154797347487338,0.016852892927575767,0.013696147383723158
0.01184832200756715,0.012253495462860111,0.014643747777976786,0.01630063345655622,0.020670080784473643,0.017282070129472332,0.015572949973163937,0.012319745119657848
0.011967910654537827,0.013119495870522873,0.013843915068120485,0.015586005509590967,0.02416428957597692,0.01775818106775015,0.013606731829257656,0.012001868344970296
