electrode_1_simple_square_integral,electrode_2_simple_square_integral,electrode_3_simple_square_integral,electrode_4_simple_square_integral,electrode_5_simple_square_integral,electrode_6_simple_square_integral,electrode_7_simple_square_integral,electrode_8_simple_square_integral
0.041565636724999994,0.05133113672449997,0.11157379688750008,0.09399520313350002,0.038208445316999996,0.035156812506,0.023804062503750008,0.03448541016175
0.043823906256249996,0.05242998047524999,0.14453283596125002,0.09948878126225,0.03820864063124999,0.03704907422625,0.026184503910750005,0.03582815234875
0.039063125005999996,0.0550544921945,0.09356814454175005,0.08520620313450007,0.041199371099750005,0.03253227734950001,0.024658671880000007,0.03411918359925001
0.032654285161,0.05676353906999997,0.09600931641425002,0.07861429688400003,0.03875808985175,0.03283741406750001,0.027466289067500003,0.032349101567500003
0.03717089453624999,0.057984226569999985,0.07519642969725003,0.09631494532400005,0.03424126953675,0.03558394922325001,0.027100054692250013,0.03247135938150001
0.0355231953195,0.060913898443999984,0.20001355078924998,0.12115744925500012,0.03912420703774999,0.03448540234900001,0.023987136722000004,0.03002971094175001
0.033325585941,0.05505462500824999,0.11505266016625003,0.09802414063775008,0.03057913672400001,0.03356987500575001,0.021545738284750003,0.032288058598500015
0.03137267969400001,0.049378324227,0.1383064765785,0.09173698047825002,0.035828207036999994,0.0345462890665,0.030762093754000013,0.03369200781875
0.03216600391100001,0.049805359381499985,0.11505299613400011,0.07965191797800002,0.03442425781675001,0.03308158594300001,0.028320710941750007,0.02905325000550001
0.034363371099750004,0.04968348438274999,0.08075065235275,0.08484013282250005,0.03387490234775,0.03192183203600001,0.028503855473250007,0.029602449223000003
0.033875144538000015,0.04791335547599999,0.09008904688500005,0.08245962891500005,0.034058171880750006,0.03448541016175,0.02819871094250001,0.03210495312975
0.03033487891025001,0.049561171880999996,0.08557246875975003,0.08184907422599999,0.032410121098250005,0.03216601953650001,0.024963660159250004,0.030762328131500014
0.031067261722500003,0.050965167976249975,0.09063823047750004,0.07318210547725001,0.036560738288,0.03320372656875,0.024353425785500003,0.03100636719275001
0.03253230859950001,0.045715988287249994,0.09137057422650005,0.06414890235274998,0.0378425000075,0.031616695317500006,0.025696214848000002,0.030762257818250018
0.03082326172400001,0.048401660163249996,0.09362931251075006,0.12109638284925003,0.038147738288750004,0.03125046875500001,0.0249637304725,0.026794855473250005
0.03332575000575,0.04583809766299998,0.10144207813775007,0.09857296485275002,0.04156558985,0.036316472662000006,0.026123304690250006,0.031006250004
0.034668390629,0.045960066411749996,0.08770869922800002,0.08764782032375,0.0347294804735,0.034668531256,0.025635117191250004,0.030701261724750007
0.03002980469275001,0.04699779688174997,0.08862389063150003,0.06945899219549999,0.030945300786000007,0.03234913281750001,0.026367531253500005,0.02642862109800001
0.030518195318750004,0.04187089063275,0.08563355079250005,0.08660992579000003,0.035767164068,0.032715484381500015,0.024780601566000003,0.03112836719200001
0.028259636722250004,0.0470588789135,0.10656900782450006,0.06994732813475,0.03155568359900001,0.032410050785,0.026855820316250008,0.028503855473250007
0.02905318750450001,0.038757941412,0.07293821485375002,0.067750164072,0.03326469141175001,0.02996884766200001,0.02673397656850001,0.026001437504750008
0.03265432422375001,0.046143304694750004,0.0769663711025,0.07458609375974998,0.03759817969275,0.029602496098500013,0.026978007817500014,0.02789365235000001
0.03356969531600001,0.037415300788750015,0.07837008594525001,0.07751580469700002,0.03363083203600001,0.031433527348250015,0.02490278906725001,0.02752719922225001
0.03155569141125,0.05017159375674998,0.08355827735400005,0.07421994532225001,0.0390630468805,0.02740508984700001,0.02575720312875001,0.02929729687950001
0.034607582038000004,0.04608222266299999,0.08252070313550001,0.09069946094750002,0.033020574224500006,0.027039066411500015,0.023987121097000005,0.029602527348500014
0.02825969141050001,0.038269574223750005,0.070557375006,0.07287692969550001,0.027649394536250007,0.027038949222750006,0.024292367191500006,0.026367695317750003
0.031494640630000015,0.04498367578824999,0.08557249219699999,0.06298909375749999,0.029480402348250008,0.02844272656600001,0.021850867190500004,0.026916777346500005
0.03418019531725,0.04388523829099999,0.09698608985300004,0.0709848476645,0.03393616406875001,0.02734428906825001,0.026794785160000004,0.026794832035500003
0.029480371097750008,0.04260320313074999,0.08752562500925005,0.06591883594525,0.03430242969450001,0.031067542975500014,0.024170343754500005,0.02893114844250001
0.027893566411250004,0.039124246101,0.08551121485250003,0.0820322812585,0.033936039067750015,0.02941943750525001,0.022034019534750007,0.025391015629000008
0.030273914067250007,0.044434382819749985,0.07470808594625,0.07238874219649999,0.030212824223250008,0.02923640234975001,0.025146812503500007,0.02710007813000001
0.030151820317000005,0.04187062500425,0.06012038672499999,0.06109716016474997,0.02935839453625001,0.02825971484825001,0.024048156253250002,0.02545198828475001
0.032043910160750005,0.04632626172374999,0.07202247657025003,0.05957091406774998,0.033875113287000005,0.029846761724500008,0.02508589453600001,0.02508580078500001
0.02917534375575001,0.043579679693500004,0.079285753915,0.0805674531335,0.03259333594350001,0.02624551562925001,0.02752719922225001,0.024414390628500003
0.0346685156305,0.040955144536499996,0.07922467188425004,0.06573563672599997,0.031860921880750015,0.028809007816750005,0.026184386722000005,0.023804109379250007
0.03283738281700001,0.034729542974,0.06640731250950001,0.0750131992275,0.03448541016175001,0.026794855473250005,0.023498808596500005,0.025024812504250007
0.03015190625525001,0.04010080078825,0.08490087110225003,0.069703054696,0.03204399609950001,0.024414390628500003,0.027161050785250003,0.026184457035250006
0.03241010547325,0.036377406254500005,0.07183948829025003,0.08264296876175002,0.03448555860100001,0.03161664844200002,0.024109261722750006,0.024414390628500007
0.033997058598,0.042114835942999994,0.07635593360125005,0.08050643360274999,0.03283740625525001,0.02801565234925001,0.026916832034750003,0.024536437503250005
0.0372320546935,0.041504703133,0.08172719141600002,0.06616300782024999,0.031677738286500015,0.026611820317750008,0.029480425786000013,0.026062386722750006
0.032715476568750006,0.042908167972749996,0.08148316016650005,0.09314099219700002,0.037659441413749994,0.030029859381000015,0.025146835941250004,0.031189410161000013
0.03051801562950001,0.04180978516275,0.07983482813200003,0.08044518750775002,0.03436351172625001,0.02642859766025001,0.025513140629750006,0.026306449221750003
0.03125053906775001,0.04235907031899999,0.08404669141675003,0.09051636329200002,0.035217988288250006,0.028870097661250007,0.026428667973500013,0.023987144534750003
0.030518007816750008,0.03527886719300001,0.07989623047849999,0.06585770703749999,0.03405834375725001,0.029785656255000008,0.023987167972500004,0.024963707034750007
0.031006187503500003,0.043274667976,0.09393456641850004,0.06897089063525,0.03375300391225001,0.03344801563300002,0.02606238672275001,0.02618451953575001
0.032715375005000005,0.038086437504999994,0.08654896094550003,0.07428083985250003,0.03039601563025001,0.028870050785750008,0.026855937505000007,0.026001296878250008
0.037354148443249996,0.037781316412,0.067994054695,0.08892854298200005,0.03472956641225001,0.02813776953725001,0.026916800784250003,0.025268812502750006
0.029419414067500014,0.034851730475249997,0.08990598829075004,0.06457614063374999,0.0362554609435,0.026428691411250007,0.023376839847750002,0.025940316410250006
0.03179973828575,0.036133437506500006,0.062134718758749985,0.06213483594649997,0.03302053516175001,0.03027392969275001,0.024414554692750005,0.02429255469350001
0.02893099219100001,0.03668269141225,0.08081153125750003,0.06512564454199997,0.032227078130500006,0.02941955469400001,0.025268976567000005,0.027527222660000007
0.026733695315500003,0.039734347661,0.06933696875899999,0.06561385547825,0.02887013672400001,0.028931132817500007,0.025329957035,0.024292343753749997
0.026672644534250004,0.04473950391324999,0.09411682814075004,0.06347741407074997,0.036988070320000004,0.027832468754500007,0.025391093755000003,0.022888511722250003
0.03302049609850001,0.043762996101000005,0.09631502345100004,0.08087254297700001,0.03418019531775001,0.02844284375475001,0.02453629687675,0.022522277347000002
0.024536343752250004,0.038269582036499994,0.07067979688425,0.0720835429765,0.032288152349500006,0.028259785161500003,0.02319380469225001,0.024841652347250005
0.031982843754,0.03979572657074999,0.07464698828950005,0.07055779688450002,0.03405820313125001,0.027893410159750005,0.024414460941750007,0.023559921878750004
0.031372507816500014,0.04180988672699999,0.07727153907050004,0.07733260547725003,0.030640304694500013,0.026306644536500005,0.025879210940750002,0.026611765629500007
0.029358394536250006,0.03710998438099999,0.08508420313375,0.06079197657124998,0.025024742191000003,0.02758821875350001,0.026367562504000006,0.026916871097500007
0.02978564063000001,0.04254209766225,0.07495217969575002,0.07867556641775005,0.033325812506250004,0.023315640627250004,0.02526892969150001,0.026062433598250008
0.030823183598000008,0.03393605469275,0.067139500007,0.06335538281999999,0.029724660162000007,0.02868694531700001,0.02221714844125,0.025390945315750004
0.02954153125550001,0.03790337891125001,0.06054767188199999,0.05975444141499999,0.03033500391175001,0.029114347662250007,0.025268929691500006,0.025635117191250004
0.029724597661000014,0.03881889844275,0.0716561796955,0.06054764844524999,0.03314276172575001,0.027405199223000005,0.026001304691000003,0.023315828129250003
0.03192192578650001,0.0361945429755,0.06182964454024998,0.053772699225,0.03265430859875001,0.029785687505500008,0.022278230473000003,0.028137675786250007
0.03100636719275001,0.036316542975250006,0.052063878914249996,0.05889976172699998,0.030334996099000006,0.025879234378500007,0.027405207035750005,0.02594050391225001
0.029846785162250006,0.0368047226615,0.05090411719499999,0.05548177735049999,0.028992136723250007,0.028320804692750005,0.025940269534750007,0.025085824222750006
0.027771339847250002,0.035278757816999996,0.05822828125674999,0.04461754297724998,0.028015550785500012,0.026245507816500008,0.026245554692000007,0.024841707035500007
0.03576721094350001,0.04089411719299999,0.04974446485124998,0.0396734609435,0.028992027347250007,0.03076204687850001,0.02630657422325,0.022949406252000003
0.03277628516025,0.0392462226625,0.04718086328725,0.03869700000675,0.028686937504250012,0.029541367191250004,0.028442796879250005,0.025757164066000007
0.03137257813025001,0.03918527344449999,0.053894871101249985,0.043457671881,0.03100634375500001,0.029175203129250007,0.025085730471750004,0.025146851566250007
0.03375314453825001,0.04034508203974999,0.052124789069999976,0.042236937506,0.03283742969300001,0.02301058203475,0.026916832034750007,0.025268882816000003
0.027221929690000004,0.03204409766275001,0.06066964063124998,0.03741529297650001,0.028870027348000007,0.030884351568500015,0.022522230471500003,0.024353355472250003
0.028320718754000006,0.04455644531999999,0.05236898438224999,0.04669257422549999,0.031250593756000006,0.029419382817000007,0.025818152346750004,0.023254628908750005
0.029968519534000006,0.03808647656775,0.044190062506,0.03814772266375,0.032410152348750006,0.02801552734775001,0.029114144535250013,0.02282735937725
0.029053273443250007,0.03820876563275001,0.048401652350999996,0.032471257818250006,0.028747910160000008,0.025879375005000007,0.024231332035250002,0.021545574220500005
0.031311542974,0.03442442188100001,0.05297932813299997,0.04187075000625,0.029236253910500005,0.02941957031900001,0.02307151562725,0.024841589846750008
0.030579050785750003,0.032959578131000006,0.043091390630250005,0.028686968754750006,0.033569867193000015,0.024048203128750008,0.025818152346750004,0.02313265234725
0.029663484378750007,0.036194480475,0.04382395313174999,0.03283751563125001,0.030640117192500014,0.027588382817750008,0.024170250003500007,0.024902742191750007
0.028259644535000003,0.03582808203599999,0.04687573438199999,0.02813778516225001,0.030396046880750007,0.029358496100000006,0.022766417972000005,0.024170273441250004
0.025818355473750006,0.034302289068,0.05017177344549997,0.034729628912750006,0.02722202344100001,0.026001375004250007,0.024597542972750006,0.026428550784750007
0.028320757817250013,0.03808646094274999,0.04254214453724999,0.02874799609825001,0.03033498828675001,0.029785507816250008,0.028015582036000006,0.02362097266
0.035706230475,0.038574875006499997,0.04614322656874998,0.033081476566500005,0.028931000003250006,0.028870089848500008,0.025696152347500008,0.023803992190500008
0.029358480474500008,0.0365606601625,0.055298820320999975,0.04528884375775,0.031128335941500006,0.027771488286500015,0.023193757816750003,0.024719660160750005
0.031067347660750012,0.04016183594449999,0.05847257032149997,0.04138268750875,0.030456980473250007,0.028076640630000007,0.025390992191250007,0.025268976567000005
0.032288050785750005,0.03839183203774999,0.058167550790749985,0.03796461719500001,0.030273929692750008,0.02923630078600001,0.02600135156650001,0.023804062503750008
0.034180257818250015,0.03259323437975001,0.0516975039125,0.03808667969474999,0.03448544141225,0.025940410161250007,0.03076230469375001,0.02294952344075
0.028076554691250005,0.042114789067999994,0.051392023441499984,0.041443535163,0.03430239844400001,0.026062363285000008,0.025574082035,0.026916902348000003
0.032043941411250006,0.039673437505749996,0.05749604688374999,0.038391769537749997,0.030090621096500007,0.027954406253250005,0.025635210942250006,0.02734428906825001
0.025024835942000005,0.036865875006000005,0.04962241016374998,0.04223700781924999,0.03210502344300001,0.028015644536500003,0.024109214847250003,0.02673391406800001
0.03143349609775001,0.03625548438125001,0.050354863289249964,0.03521784766175,0.028198679692000007,0.026855843754000006,0.024597636723750007,0.02758833594225001
0.02758816406525,0.03991757813074999,0.05053783594474998,0.034363144535,0.031250421879500015,0.02978572656825001,0.027160925784250004,0.024597511722250005
0.027283011721750003,0.036743710943,0.049072843755,0.03680482422525,0.03277648828775002,0.03314258984875001,0.023987261723500006,0.025024710940500006
0.026062410160500007,0.035217792973999996,0.04895086719399998,0.03497372266225,0.03302062110000001,0.032043941411250006,0.026001421879750006,0.025757296879750008
0.029053296881000015,0.03582819922425,0.047791292976249976,0.04046682422425,0.032349015628750005,0.027221984378250005,0.02905320313000001,0.027039042973750003
0.027893386722000004,0.04077192969224999,0.05194197266599999,0.04449542578924999,0.033691898442250005,0.028015503910000007,0.024902695316250004,0.024963683597000005
0.031250429691750015,0.04150465625750001,0.05145350391449999,0.04687560156824999,0.035217816411750015,0.025696011721,0.029236183597250005,0.027405183598000007
0.029358308598000007,0.044251199224999996,0.05279644922799998,0.04303067578974999,0.03064010937975001,0.03057912109900001,0.026001414067000003,0.027222148442500003
0.029846535159750005,0.03344767969175,0.07769872266475002,0.05889971485099998,0.030701285162500015,0.028503972662000013,0.023865050784500002,0.028808992191750007
0.03985669141325,0.042969429693749985,0.06616296094525001,0.055176867197749974,0.0385138164125,0.02844289844300001,0.024719652348000005,0.028809062505000003
0.051392304693499986,0.038757746098249994,0.06201275782174999,0.04602113281849999,0.02880896094125001,0.02642866797350001,0.025146789065750002,0.027832382816250004
0.042969632821249985,0.043274550787249996,0.058411597664249984,0.05102633594624997,0.031067433599500007,0.02917527344250001,0.025818222660000004,0.027344101566250008
0.05481029688124999,0.04473942578774999,0.06341635547625,0.04675371875774999,0.03241028516250001,0.03131155078675001,0.030518023442250006,0.031311410160250006
0.04577728125774999,0.0409551757875,0.05706852734974999,0.045655039069750006,0.035339878911500006,0.02984665234850001,0.025452121098500004,0.02746621875425001
0.0625007812565,0.04229803516224999,0.07592883594625,0.05279624610149999,0.034668523443250006,0.03137260156800001,0.024536390627750003,0.029968714848250005
0.07775946875625002,0.04956131250749998,0.09289693751075007,0.07379246485249998,0.038208492192500006,0.026001281253250005,0.02764932422300001,0.029358300785250008
0.07360865626275,0.043579757818499994,0.04650957031949998,0.053711820320749996,0.03320363281775001,0.024475519535750005,0.022888511722250003,0.027466078127750006
0.05078179687999998,0.040344988288250005,0.066224105477,0.07226685157225002,0.036926957038250004,0.026978031255250008,0.026916738283750005,0.025513046878750004
0.04327455859999999,0.0403449492255,0.040589042975499985,0.051026039068249984,0.03320374219375001,0.027222101567000008,0.021240421877,0.02063009375225
0.0406501171945,0.03881894531825,0.07739250001350007,0.044861652351749985,0.030578933597000004,0.025879257816250008,0.023132628909500002,0.023743003909750007
0.04986648828825,0.0386968828185,0.039551468757000004,0.039185007816999996,0.030762210942750015,0.026611773442250006,0.02203397265925,0.022156019534000003
0.05090427344649998,0.04156570703875,0.039734425787,0.04187067187975,0.02880915625600001,0.02545205859800001,0.022644441410500003,0.022217125003500003
0.040405875005249996,0.03723219532000001,0.0342412929745,0.033203734381,0.025940199221500006,0.026428480471500003,0.020324917971,0.020874328128250002
0.03826977735075001,0.03332582031900001,0.03826989454000001,0.03869701563225,0.028442898443000006,0.027649464849500007,0.024536554692000005,0.01983656640775
0.04657056641249998,0.03204392578625001,0.033936031255000006,0.03955143750649999,0.028015582036000006,0.027405269536250006,0.025268976567000008,0.025635132816250007
0.04266399609775,0.04065007813124999,0.07690578907575,0.03198307813200001,0.02893110937975001,0.030029812505500016,0.023010582034750003,0.021850867190500004
0.041687496097749986,0.04217604297625,0.10699416017575006,0.03906305469275001,0.031799855474000015,0.026550660160000003,0.025879257816250008,0.02465855469125
0.04345763281825,0.03692691016275,0.03710990625550001,0.037232296883749995,0.027832445316750002,0.023804109379250003,0.024963777348000003,0.02215599609625
0.06378258203874997,0.040894226568499996,0.04016170313075,0.03662158594225,0.028259769536500015,0.022339148440500008,0.026428589847500003,0.0237429335965
0.0456548125045,0.0397346132885,0.037842414068750004,0.034241277349500006,0.027222054691500006,0.02709997656625001,0.025818214847250005,0.024353355472250003
0.041748531254499996,0.03997862109924998,0.041138265630749994,0.03643850391125,0.026184410159750007,0.027405246098500004,0.022583351566000002,0.020813199221
0.03875785547375,0.037415183600000006,0.039307101567249994,0.030640156255250003,0.023437781253,0.027832453129500005,0.01989767187725,0.024353371097250005
0.037048824223750006,0.04138250000675,0.03277641016175001,0.037415136724499996,0.03131159766225001,0.020630070314500003,0.023071523440000002,0.023865097660000008
0.033874894535000005,0.038941117194500004,0.065368738293,0.036377679695250006,0.03015174219150001,0.027160996097500004,0.027649410161250006,0.02197291406525
0.03552318750725001,0.03753735547575,0.036438605475000004,0.03534004297575,0.030640156255250007,0.026184480473000003,0.025940261722,0.02166766797075
0.03613344531875,0.04052805469424999,0.03411919922425,0.027832453129500008,0.026917011724000003,0.02355992187875,0.02459766016150001,0.020935292971250002
0.04095529297524999,0.039246253913,0.03418026563100001,0.029968777349250013,0.026611726566750007,0.024597511722250002,0.021667878910500003,0.022156089847250003
0.03851368359825,0.03906328907024998,0.0336918437545,0.028259691410500005,0.029419320316500006,0.022339125002750003,0.021789855472000002,0.021484679690750002
0.035217855474499994,0.036011148441499996,0.038513847663000006,0.026489507815,0.026062386722750006,0.025513140629750006,0.022949453127500002,0.02227811328425
0.031067238284750005,0.03747609375475,0.03924632422575,0.02850396484925001,0.02990767187975001,0.027466312505250008,0.021423613284,0.024048156253250002
0.0329594218795,0.03424120703625,0.03576723438125,0.031860945318500006,0.030823035159250008,0.026794925786500005,0.022827429690500004,0.021545644533750002
0.03094526953550001,0.033875105474750006,0.0357671796935,0.02752725391050001,0.024170179690250006,0.02435354297425001,0.024109144534000003,0.02124039843925
0.03418021094275001,0.039246113286,0.03143358984875001,0.028198570316000003,0.02923628516100001,0.026611679691250004,0.025574105472750002,0.024048195316000002
0.06524745703874997,0.036987867193,0.03497353516025001,0.02929731250450001,0.02893106250425001,0.025146812503500003,0.022766511723000003,0.025696292974000008
0.03881891406725,0.034729542974,0.03405817188075001,0.025635000002500002,0.02825974609875001,0.025574167973250003,0.024597636723750007,0.022644300784000003
0.03283737500475,0.033508933600000006,0.03436333984925001,0.028992027347250007,0.025024695315500008,0.022522136720500005,0.023010699223500006,0.021057363283750005
0.03735400781675,0.042725125004999996,0.03576714063025001,0.02471951953425,0.02655059765950001,0.026550691410500007,0.024902828130000006,0.02435340234775001
0.036743656254750005,0.039917718757250004,0.036621617192750006,0.02801558203600001,0.028626003911750013,0.028442804692000008,0.022461218753,0.022644324221749997
0.03759817188000001,0.03833076563150001,0.03241019922425001,0.02917531250525001,0.029846699223500008,0.02636756250400001,0.02545208203575,0.020752257815750002
0.039002011723749994,0.040222925787999984,0.035217785161249994,0.026123398441250004,0.02807671094325001,0.026489796880750014,0.02887007422350001,0.020447058596750004
0.03924613672375001,0.037476132818,0.03418030469375,0.02612351563000001,0.02685596094275001,0.025818402349250005,0.024658531253500007,0.0209352695335
0.036926644534749996,0.03295943750450001,0.036621703131500004,0.022461218753000004,0.03143363672425001,0.025696128909750003,0.02008084765925,0.02172867968925
0.038147527349,0.03668266016175,0.040405929693999997,0.027039089849250013,0.02911437110000001,0.028198632816500008,0.022339078127250004,0.021850843752750003
0.03198292969275001,0.033569914068500004,0.037659386725499996,0.028564898442250006,0.02764930078525001,0.025268859378250005,0.023865113285000007,0.0246585312535
0.0344854648495,0.03424098828375,0.030273929692750015,0.03155573047450002,0.029297390630500013,0.025818238285000007,0.0228275390665,0.023743003909750007
0.02575708594,0.03234903906650001,0.034119027347750006,0.02893110937975001,0.030640187505750014,0.026916964848500008,0.020996304689749997,0.022217078128000004
0.0275882500035,0.030517921878500005,0.028564945317750008,0.02673384375475001,0.029297226566250008,0.02606240234775,0.024536507816500002,0.020935316409000003
0.02673377344150001,0.03350883984950001,0.03375300391225001,0.0230106054725,0.029724613286500008,0.029419429692500006,0.023743121098500006,0.021789808596500003
0.024292250002750006,0.03179973828575,0.03033488672300001,0.022400207034500005,0.03039608594350001,0.02630652734775001,0.022888488284500002,0.024536531254250003
0.022339195316000007,0.02740537110000001,0.03009088672450001,0.027893574224000014,0.02752732422375001,0.022156066409500005,0.024780648441500002,0.024719589847500004
0.025818316411000006,0.027832453129500005,0.031738734379500005,0.023315687502750003,0.024353449223250008,0.023987144534750007,0.024658460940250003,0.024048203128750004
0.021667808597250007,0.029053218755000006,0.02972460547375001,0.02612349219225001,0.023865144535500007,0.025024789066500006,0.023865027346750004,0.021118421877750003
0.026123515630000007,0.030823214848500008,0.03033498047400001,0.02551304687875,0.027344226567250007,0.025818269535500007,0.024536429690500003,0.0215456679715
0.0181886640645,0.027832335940750005,0.028381863286750006,0.02612353906775001,0.023071664066500002,0.022644253908500004,0.02508584766050001,0.018921039064000004
0.0189210859395,0.031189628913000013,0.026001343753750007,0.024719613285250006,0.023254675784250004,0.02526892969150001,0.023376699221250002,0.0214235507835
0.023559851565500004,0.025635187504500005,0.02929725000400001,0.020202800783,0.02551309375425001,0.024231167971,0.022644253908500004,0.01965357812775
0.021606796878750004,0.026062386722750006,0.03344761719125001,0.022827476566000003,0.025879304691750007,0.022827453128250002,0.023804039066000003,0.022888417971250002
0.024109285160500007,0.02899219141150001,0.031616851569000015,0.02520780078425,0.026367539066250004,0.025146882816750003,0.0204469882835,0.021423527345750003
0.023376792972250007,0.025451964847000005,0.025085707034000006,0.022217031252500005,0.023803992190500008,0.024536390627750003,0.019470472659000003,0.021362562502750006
0.020691222659500002,0.02734417187950001,0.026794808597750006,0.024475496098000007,0.022949617191750003,0.023132675785,0.022461242190750005,0.021301457033250003
0.018554875002,0.02948049609925001,0.02838174609800001,0.0206911289085,0.024780664066500004,0.026489679692000005,0.020996445316249997,0.02191180859575
0.021179527347250003,0.02801576953800001,0.031189457036500008,0.025085824222750006,0.027588335942250016,0.028320851568250007,0.02209493750225,0.021118351564500003
0.02093533984675,0.026672691409750007,0.024963730472500008,0.025940410161250003,0.025085777347250007,0.023376792972250003,0.020813246096500003,0.021850890628250002
0.021789824221500005,0.023498886722500008,0.0329594218795,0.0220339492215,0.028381886724500014,0.026001398442000005,0.022644300784000003,0.022766441409750003
0.019653531252249997,0.02618445703525001,0.02703901953600001,0.0218508671905,0.027161113286250007,0.024292414067000005,0.023071500002250004,0.02001974218975
0.021789738283250003,0.027160996097500008,0.02795457031750001,0.023926218754500007,0.025452035160250006,0.023865027346750004,0.0236210039105,0.020874234377250004
0.021423597659000003,0.024231285159750003,0.02954150000500001,0.024902695316250004,0.02868699219250001,0.023498839847000005,0.02240004297025,0.020385882814
0.020874281252750003,0.025513062503750003,0.02935839453625001,0.025390976566250008,0.025452035160250006,0.021484562502000003,0.021301550784250004,0.022095054691000003
0.022705265627000003,0.02606252734925001,0.030640132817500013,0.02191197266,0.024841707035500007,0.026489585941000007,0.02020282422075,0.020874210939500003
0.0215455742205,0.024109238285,0.027832289065250006,0.026245562504750006,0.026489585941000003,0.024292414067,0.020935292971250002,0.0213015273465
0.017211960938,0.026367585941750007,0.027649277347500008,0.022827546879250007,0.024414437504000006,0.025024835942000005,0.02075221094025,0.0190431093765
0.021545667971500003,0.02941942187975001,0.029358355473500006,0.023010464846000004,0.023682039066750003,0.024963589846000004,0.023010597659750002,0.022888558597750002
0.020630117190000002,0.026672621096500006,0.027588335942250006,0.02307164062875,0.02722197656550001,0.021484656253,0.021362648441000005,0.023987097659250004
0.023804015628250002,0.026245585942500003,0.028503933599250013,0.022705382815750005,0.025513039066000005,0.024841589846750004,0.025635132816250007,0.0192872500015
0.024963683597000005,0.027344265630500006,0.02832075781725001,0.022888605473250005,0.023804062503750008,0.023804015628250002,0.023804015628250005,0.01861586328275
0.019836589845499998,0.028137605473000003,0.02746631250525001,0.02392608594075,0.025696214848000005,0.023865027346750004,0.0208131523455,0.021179449221250004
0.023376816410000004,0.024597519535000008,0.030579035160750008,0.02172872656475,0.02368185156475,0.022766324221000004,0.021240492190250003,0.017456195313999997
0.022339171878250002,0.027893582036750013,0.027344242192750008,0.022156019534000003,0.025085777347250007,0.027771558599750015,0.026733937505750014,0.01989757812625
0.023376792972250003,0.02746619531650001,0.02887009766125001,0.019409414065000002,0.027527347661500008,0.021911832033499997,0.023559914066000002,0.02014181250225
0.023559898441000003,0.026001421879750006,0.028259667972750004,0.021240468752500002,0.022461281253500002,0.024170226565750002,0.025085753909500005,0.01843273437625
0.02130145703325,0.02661172656675001,0.029419343754250007,0.025451941409250008,0.024353402347750002,0.025757210941500002,0.023926179691750007,0.02075221094025
0.01940929687625,0.02319371094125,0.028320710941750007,0.02264432422175,0.023132675785000008,0.020813292972000005,0.021728820315750002,0.0206911289085
0.018127652346,0.026367585941750007,0.027710429692500007,0.0242923671915,0.023987144534750007,0.021362562502750003,0.023315804691500006,0.021972843752000003
0.020508046877500002,0.023804203130250008,0.029968652347750008,0.02124049219025,0.026184480473000007,0.023804039066000003,0.021301574222000002,0.024658460940250003
0.023987160159750005,0.024292320316000003,0.02954150781775001,0.024475566411250003,0.02539092969075001,0.027161019535250006,0.024719613285250006,0.020874257815000002
0.019104261721500003,0.026611750004500008,0.02557417578600001,0.021362492189500003,0.025635117191250008,0.024841636722250007,0.021789761721000004,0.02240018359675
0.020325011722000002,0.027283199223750006,0.02917517969150001,0.023559875003250005,0.026001304691000007,0.025024710940500006,0.023010628910250006,0.021728726564750004
0.02124063281675,0.02392613281625,0.02850386328600001,0.025024648440000002,0.025512953127750006,0.025635187504500008,0.021484585939749997,0.01995863672025
0.0202639062525,0.02441436719075001,0.026855890629500005,0.022339171878250002,0.024170296879000002,0.024231261722000002,0.023498910160250006,0.021972820314249998
0.023742957034250004,0.031982976568250006,0.027588289066750007,0.02508582422275001,0.024536617192500006,0.02392594531425,0.02044715234775,0.02044701172125
0.020446941408,0.0236209257845,0.03009070703525001,0.024109191409500002,0.0241702500035,0.023132628909500005,0.022766417972000002,0.023376746096750004
0.021118398440000002,0.026611773442250006,0.028748214850750013,0.022644347659500005,0.024658507815750002,0.024231355473,0.02008075390825,0.02001978906525
0.02050802343975,0.024841707035500007,0.027038996098250008,0.022217054690250003,0.027038964847750004,0.022644324221750004,0.021911878909000003,0.020507953126500004
0.022156136722750002,0.02655078516150001,0.02600144531750001,0.02227806640875,0.024292320316000007,0.024719589847500004,0.020202847658500004,0.0195924492205
0.02172882031575,0.02612346875450001,0.024170203128,0.025635093753500007,0.023804007815500006,0.02142357422125,0.023681898440250003,0.018799085940250003
0.022033925783750005,0.025757070315000002,0.03033489453575001,0.023376769534500005,0.028015628911500008,0.02429236719150001,0.024658484378000004,0.021484656253
0.0180054882825,0.02606229297175,0.026672714847500004,0.024231261722000005,0.024841753911000006,0.024292296878250005,0.020569082033750002,0.01892101562625
0.023071546877750003,0.026489609378750008,0.02862590234800001,0.022583289065500004,0.025329871096750004,0.026733726566000003,0.021606750003250002,0.020324941408750002
0.02050802343975,0.029419429692500006,0.02740525391125001,0.02160670312775,0.025940316410250006,0.02429241406700001,0.02398714453475,0.02056903515825
0.018738027346250002,0.029114230473500004,0.027649230472000005,0.024414484379500005,0.025391093755000007,0.026062363285000008,0.023376832035000007,0.022400183596750004
0.019104121095,0.027893535161250007,0.026245445316000007,0.021728726564750004,0.02655062109725,0.025818222660000004,0.022278066408750005,0.020691152346250002
0.022278066408750002,0.027099984379000006,0.02899216797375001,0.02545202734750001,0.025085941411500008,0.025207917973000007,0.022400152346250004,0.023621027348250008
0.020507976564249998,0.027405136722500008,0.028259863287500006,0.02581836328650001,0.024109121096250002,0.023498863284750007,0.0224611718775,0.020691199221750004
0.022400066408,0.025085746096750003,0.031555667974000015,0.02111842187775,0.024841730473250005,0.02539083593975,0.02496379297300001,0.01910419140825
0.021057363283750002,0.023926039065250003,0.02960235547200001,0.021301527346500003,0.025329964847750006,0.02825972266100001,0.023010582034750003,0.0188600273455
0.022217101565750002,0.02307150000225,0.02832075781725001,0.023254628908750002,0.02423133203525001,0.023987144534750003,0.020996421878500003,0.0213624921895
0.0218507734395,0.021484609377500002,0.026001351566500006,0.026001328128750008,0.024475355471500006,0.025512953127750006,0.020141835940000002,0.020874257815
0.021240375001500004,0.027405136722500008,0.024170250003500003,0.023315734378250002,0.027893488285750008,0.024597402346250002,0.023559921878750004,0.019836636721
0.02093529297125,0.024475472660250006,0.029358371098500008,0.024353378910000008,0.028076500003500007,0.023743050785250002,0.020752093751499997,0.024536414065500004
0.01800551172025,0.027832406254000006,0.026794832035500007,0.023803968752750003,0.026733820317000005,0.023803992190500004,0.022583265627750006,0.0179445234395
0.019348355471,0.028381644534250006,0.025940246097000002,0.02014185937775,0.02270538281575001,0.07183967579275001,0.023132597659000005,0.021484656253
0.021972960940750002,0.0222171250035,0.028381839849000008,0.024536507816500006,0.025207941410750005,0.02410926172275001,0.023193617190250003,0.021240515628
0.023254769535250006,0.02465855469125,0.027527160159500005,0.024536484378750004,0.026733796879250007,0.06646946487299998,0.021667785159500005,0.019531414064249998
0.01843278125175,0.02752725391050001,0.027161113286250007,0.023620863284000006,0.028198710942500007,0.054261457041749964,0.020447082034500002,0.021118468753250002
0.019653484376749998,0.03033500391175001,0.02807657031675001,0.023071523440000002,0.026794949224250006,0.025207917973000007,0.021789738283250003,0.020996375003
0.022583312503250002,0.023681921878,0.02752723047275001,0.02862601172400001,0.022888464846750004,0.0240481328155,0.023254714847,0.020874257815000002
0.023559804690000002,0.026001351566500006,0.02594026953475001,0.0252078710975,0.02874807422425001,0.08819505860400007,0.022217101565750002,0.021545738284750003
0.022766417972000002,0.028809062505000007,0.02703908984925001,0.023742933596500003,0.02764937109850001,0.024597472659500005,0.021728726564750004,0.022522277347000002
0.023620933597250007,0.02899219141150001,0.029663601568000016,0.021850890628250002,0.024170296879000002,0.027527324223750007,0.021972914065250003,0.02252225390925
0.023010535159250004,0.025024789066500006,0.025757281254750002,0.0241703437545,0.024780578128250002,0.028626074225000013,0.021667714846250002,0.023681992191250004
0.023071664066500006,0.026672738285250006,0.028503855473250007,0.023315640627250004,0.025757234379250003,0.026062433598250005,0.023193664065750002,0.02160665625225
0.023315812503750002,0.027344125004000006,0.027588453131000015,0.022644277346250002,0.023498933598000003,0.025512929690000005,0.022339171878250002,0.022461312504000006
0.022949476565250003,0.02722207812925001,0.02917531250525001,0.0229495468785,0.023987167972500004,0.02648963281650001,0.020996398440750002,0.023376769534500002
0.022766511723000007,0.026245515629250007,0.027832500005000014,0.024963660159250008,0.025024835942000008,0.022522183596,0.020508093753,0.019775648440250003
0.020874257815000002,0.027588289066750007,0.028320757817250006,0.02417027344125,0.02685584375400001,0.025513046878750004,0.021973031254000002,0.020935339846750004
0.021179386720750003,0.023010628910250006,0.026978031255250005,0.023132582034000003,0.02221700781475,0.023315687502750003,0.024292320316000007,0.019531390626499997
0.023498855472000004,0.041992750005500006,0.027344218755000007,0.02563521094225001,0.026306574223250005,0.024719542972000005,0.021179386720750003,0.01782238281375
0.02191204297325,0.029114214848500006,0.02954153125550001,0.023437828128500003,0.026611632815750005,0.024231332035250006,0.022034042972500004,0.0238039921905
0.023193593752500002,0.024109238285,0.025329941410000008,0.027588281254000004,0.025513117192000008,0.022644347659500002,0.023498886722500008,0.023193640628000004
0.022278230473000003,0.02471968359850001,0.025146882816750003,0.025574105472750006,0.02642862109800001,0.024719496096500003,0.023498855472000008,0.021118468753250002
0.020569035158250003,0.025757234379250003,0.027161019535250006,0.022155996096250002,0.024231285159750003,0.022888582035500007,0.022156113285000004,0.02252220703375
0.02331582812925,0.026306613286000004,0.025635000002500005,0.02819873438025001,0.023926203129500005,0.028076546879000006,0.020141812502250004,0.021545691409250004
0.0216676914085,0.02349881640925,0.027649253909750007,0.025574199223750007,0.024109238285000004,0.027466179691000004,0.01983654297,0.023437851566250008
0.024048132815500008,0.025940316410250006,0.030212894536500015,0.023926250005000003,0.03045705859925001,0.023254699222000005,0.021362539065000002,0.0183717460955
0.022827500003750004,0.024841769536000004,0.03247109375400001,0.02703887890950001,0.027893550786250006,0.026855960942750008,0.023804054691000002,0.021057363283750002
0.02478057812825001,0.02789348828575001,0.028198593753750008,0.02777144141100001,0.023804062503750004,0.025696222660750008,0.022705359378,0.022522253909250004
0.021301480471,0.028198734380250005,0.025635140629000002,0.026123421879000006,0.027527347661500008,0.027161011722500003,0.02166792578600001,0.02343782031575
0.024780664066500004,0.023926132816250004,0.02905313281675001,0.025085730471750004,0.026001421879750013,0.02502471875325001,0.020874257815000002,0.02508582422275001
0.02722209375425001,0.023254722659750007,0.02520794141075,0.023132628909500002,0.026489562503250005,0.025757046877250004,0.021118445315500008,0.019043156252
0.02490274219175001,0.027344164066750002,0.028686945317000008,0.024902671878500007,0.02874795703550001,0.027771371097750006,0.021057386721500003,0.023865097660000004
0.024597449221750008,0.024597449221750004,0.02880899219175001,0.026062457036000006,0.028137652348500006,0.023376839847750006,0.022949406252000003,0.024536507816500002
0.02355992187875,0.025085871098250008,0.02716108984850001,0.027344046878000006,0.02783252344275001,0.026672714847500008,0.023437781253,0.024719589847500004
0.025268906253750008,0.022339171878250005,0.02710012500550001,0.029297320317250013,0.025879234378500014,0.024658671880000007,0.020325011722000005,0.023681875002500002
0.023132628909500002,0.026489585941000007,0.027954570317500007,0.025147000005500006,0.0220950078155,0.024353355472250007,0.022888417971250002,0.02331582812925
0.025085824222750006,0.025513062503750003,0.026611703129000006,0.022033949221500003,0.02386513672275,0.022522253909250008,0.02233907812725,0.0216067265655
0.02014181250225,0.023376628908,0.02728318359875001,0.024658554691250004,0.023987230473000005,0.025024765628750008,0.021301542971499998,0.021789855472000005
0.023376863285500007,0.025879257816250004,0.026062285159000005,0.027222007816000003,0.028320664066250004,0.02569626172350001,0.020813316409750003,0.023437664064249998
0.022400183596750004,0.02581838672425001,0.02966364063075001,0.023865144535500003,0.026245414065500006,0.024658671880000007,0.0202028476585,0.021667761721750004
0.022217195316750003,0.02734414844175001,0.02868699219250001,0.02771053906850001,0.02557405859725,0.024048203128750004,0.021484609377500002,0.02105741015925
0.023010582034750003,0.021850914066000003,0.028381746098000007,0.029602566411750013,0.02807662500450001,0.024414484379500008,0.02014183594,0.021972937503
0.02453634375225,0.02514683594125,0.025635140629000006,0.024780671879250003,0.02557403515950001,0.025696167972500007,0.02325470703425,0.021667785159500002
0.023254746097500004,0.023620839846250002,0.028381839849000005,0.022033949221499996,0.02630659766100001,0.024231332035250002,0.021545667971500003,0.020752187502500002
0.023926203129500005,0.024414414066250004,0.028870136724000014,0.027039105474250008,0.02673384375475001,0.021850843752750006,0.0221560664095,0.02087423437725
0.0191042617215,0.027710359379250007,0.02789355859900001,0.0217898085965,0.028687085943500012,0.025879210940750005,0.023742957034250004,0.020324941408750002
0.02307154687775,0.023804015628250005,0.027649324223000003,0.02331578125375,0.024414390628500003,0.022094914064500003,0.0209963281275,0.023926062503000004
0.024902742191750007,0.02532989453450001,0.02362088672175,0.025513164067500007,0.024963707034750003,0.025940285159750002,0.020324871095499998,0.023804039066000007
0.02185093750375,0.027954570317500007,0.028870027348000007,0.02600132812875,0.0300297187545,0.022949523440750002,0.021667808597250007,0.020508023439750007
0.036255398442499996,0.030273898442250008,0.030212910161500014,0.025268945316500008,0.025818246097750006,0.0206301640655,0.020935246095750003,0.021423644534500005
0.026001421879750006,0.025024859379750006,0.025879250003500002,0.025207847659750007,0.028137699224000008,0.021728726564750004,0.022095054691000003,0.02209507812875
0.022034019534750003,0.027283183598750007,0.029968707036000006,0.023743105473000008,0.024109238285000008,0.02575721094150001,0.023132582034000006,0.02154569140925
0.027527386724250008,0.0212404687525,0.026245515629250007,0.024536531254250003,0.028809031254500007,0.022461125002,0.02465860156675001,0.024170273441250004
0.01940934375175,0.023804015628250005,0.026001375004250007,0.02166776172175,0.023559992192000005,0.022461195315250003,0.02075216406475,0.023743097660750005
0.025635210942250006,0.023803968752750006,0.02734419531725001,0.02600135156650001,0.024841707035500003,0.02160667969000001,0.021484562502,0.01916527344
0.023193617190250006,0.024841660160000008,0.02740517578525,0.027832359378500007,0.024536507816500002,0.024597519535000008,0.023926156254000002,0.020935222658
0.02282735937725,0.027161082035750014,0.027039035161000008,0.024536578129750006,0.02325472265975,0.024597542972750002,0.019409367189500003,0.020752257815750005
0.029358238284750007,0.025085800785000008,0.026733765628750007,0.03021293359925001,0.02728319922375001,0.024902789067250006,0.0188600273455,0.0213015273465
0.023864933595750003,0.026550714848250008,0.027710429692500007,0.025024718753250005,0.027771511724250006,0.02539097656625,0.026001398442000008,0.021972914065250003
0.023987191410250006,0.022522160158250003,0.02935848828725001,0.026489609378750004,0.024780648441500002,0.023681945315750005,0.021118492191000003,0.019409437502750003
0.0371100000065,0.029724542973250005,0.03192190234925001,0.027405207035750008,0.025329941410000004,0.027099960941250008,0.021179550785,0.022034066410250006
0.033936031255,0.02734400781525,0.02874795703550001,0.02917534375575001,0.022705523442250006,0.02887016797450001,0.0215456835965,0.02160670312775
0.03503460937925,0.03210496094250001,0.02935848047450001,0.028625902348000002,0.02893103906650001,0.02667276172300001,0.020630187503250005,0.020080753908250003
0.03485163672475001,0.026855812503500005,0.03503480469400001,0.03027393750500001,0.03289852734975001,0.02563523438000001,0.024536554692000008,0.023804039066000003
0.03497357422300001,0.029480386722750006,0.02771052344350001,0.028320804692750008,0.027954664068500012,0.022827476566000003,0.02697791406650001,0.023376886723250008
0.03613356250750001,0.026001375004250007,0.03082319141075001,0.027039019536000006,0.030517851565250012,0.025024835942,0.01971458984625,0.025268859378250002
0.039795562506000005,0.028198601566000004,0.028259605472250007,0.029602488285750007,0.028564945317750008,0.025207894535250006,0.0229495468785,0.024109191409500002
0.03308170313175001,0.029175265629750004,0.03186085938025001,0.025635187504500005,0.02746621875425001,0.022522300784750003,0.0224612656285,0.025024695315500008
0.03735414844375,0.02734409375350001,0.030151765629250003,0.02569624609850001,0.026794832035500003,0.026001304691000003,0.022461335941750003,0.024841675785000003
0.031799839849000006,0.02575721094150001,0.028259808599250005,0.029114183598000005,0.027344195317250016,0.023437804690750002,0.023865074222250007,0.022522324222500004
0.028686921879250007,0.02978564063000001,0.03161674219300001,0.026978007817500003,0.024963707034750003,0.021057363283750002,0.021484562501999996,0.023681992191250004
0.028991980471750004,0.031128515631250013,0.030151875005250007,0.027771441411000006,0.028991957034000006,0.02795461719300001,0.021728750002500002,0.024719589847500004
0.02905317969225001,0.027100101567750008,0.028931156255250015,0.026794738284500005,0.025146859379000006,0.02386502734675,0.02227811328425,0.022583195314500003
0.0369269648505,0.033752910161250003,0.031006390630500015,0.02740523047350001,0.02789355078625001,0.023254699222000002,0.022888488284500002,0.024536554692000008
0.032410191411500006,0.02972454297325001,0.029968769536500014,0.02752727734825001,0.02673370312825001,0.025451941409250004,0.026550667972750002,0.025451964847000005
0.030701285162500012,0.033264738287250004,0.02850380859775001,0.025879351567250006,0.027038957035000005,0.024414484379500005,0.023803968752750003,0.023926101565750004
0.033325835944000015,0.03070119141150001,0.031067457037250012,0.02990763281650001,0.029175312505250007,0.024597605473250003,0.020935316409000003,0.023620933597250003
0.0345462890665,0.026306457034500005,0.029175195316500004,0.02221714844125,0.025024718753250002,0.02178966797,0.0221559726585,0.022888558597750006
0.029968753911500015,0.03070109766050001,0.027649488287250005,0.02532996484775001,0.027283207036500008,0.026977976567000007,0.022522230471500006,0.023804062503750004
0.036743695318,0.028747957035500007,0.031921832036000006,0.028320703129000004,0.029602472660750008,0.023376886723250008,0.02020291797175,0.02587922656575
0.03259317969150001,0.02948051172425001,0.03338678516200001,0.02716108984850001,0.02612350000450001,0.021911972660000004,0.022583289065500004,0.021423597659000003
0.0352788359425,0.027832523442750008,0.02966350781700001,0.023804039066000003,0.02764936328575001,0.023010582034750003,0.020813222658750002,0.022522207033750002
0.03753716016150001,0.030945332036500007,0.02789353516125001,0.03356984375525,0.026489609378750008,0.022888582035500003,0.023132582034000003,0.019775578127
0.03595029297500001,0.030517945316250003,0.031067425786750015,0.027710398442000007,0.026123421879000006,0.025329917972250007,0.019531507815250003,0.02233924219150001
0.03326456641025001,0.029358496100000013,0.03277639453675001,0.02771042969250001,0.027893511723500016,0.026672761723000007,0.019836660158750002,0.026367632817250002
0.04809631250549998,0.02539107031725001,0.03363101953800001,0.030213035163000015,0.026367468753000004,0.025574082035000008,0.024536437503250002,0.024109261722750002
0.03320362500500001,0.028686992192500003,0.02703908984925001,0.025818316411000006,0.025024835942,0.021789785158750002,0.022766464847500004,0.024597589848250005
0.033386699223750003,0.028748035161000003,0.028625878910250008,0.025024851567000007,0.028320656253500005,0.024109121096250002,0.022766488285250006,0.021057386721500003
0.06305016016374995,0.03216607422425,0.03344771875450001,0.02929728906675001,0.0264285742225,0.023681992191250008,0.02081322265875,0.022461289066250004
0.03125050781775002,0.03143357422375001,0.03045694141050001,0.026733843754750006,0.026916894535250004,0.027649183596500003,0.0228884882845,0.023132582034
0.02954146875450001,0.038086445317749996,0.501776293033,0.03936824609950001,0.0418097461005,0.03228815234950001,0.022034019534750003,0.022522324222500008
0.02679491797375001,0.02661167187850001,0.035767015628749996,0.044617371099749996,0.040405984382249995,0.026306433596750008,0.023010464846000004,0.023682062504500005
0.025635164066750007,0.026489562503250005,0.03173877344275,0.0481576679775,0.04388479297374999,0.030456988286000006,0.022644417972750002,0.025818199222250007
0.0276492773475,0.030945144534500004,0.03173875781725001,0.04003964844275001,0.0354008750045,0.03027381250400001,0.0206911289085,0.025146859379000006
0.027466140628250004,0.026062339847250007,0.035706144537250004,0.049195015631249985,0.037720382819,0.02911423828625001,0.021911878909000006,0.023315734378250005
0.028748050786500008,0.02594043359900001,0.03216577734625001,0.041321542976499995,0.03411930078800001,0.029297320317250013,0.021240421877,0.025268953129250007
0.028381808598500004,0.030395976567500014,0.03637769532025,0.03533980859825,0.03588911719175001,0.025879257816250004,0.020324871095499998,0.019287320314749997
0.027344171879500008,0.028076539066250007,0.03076216406725001,0.035828222662500006,0.03637746875549999,0.026916972661250007,0.021850914066000003,0.022522277347
0.03442431250500001,0.033325726568000015,0.028870113286250006,0.03802549609975,0.0351567812555,0.026428542972000004,0.021911925784500002,0.021911878909000003
0.02728317578600001,0.02758835938000001,0.032104867191500006,0.0371709804745,0.04425100391125,0.02868700781750001,0.01995868359575,0.02423126172200001
0.027954492191500008,0.026733789066500008,0.03759834375650001,0.0432744804745,0.0389411171945,0.027466281254750004,0.023376839847750002,0.022278160159750003
0.02832085156825001,0.030029695316750003,0.032593265630250015,0.03814764453774999,0.03735429688300001,0.024109261722750006,0.020630117190000002,0.023804109379250003
0.03198288281725001,0.028137644535750014,0.03192182422325002,0.04852362110024998,0.034363347662000006,0.028259761723750013,0.021911902346750004,0.022217117190750004
0.029968628910000007,0.027038972660500003,0.04126042969424999,0.038086429692250005,0.039551359381,0.027344148441750007,0.0194093671895,0.0218507734395
0.030151726566000004,0.030945378912000013,0.03302062110000001,0.044129167976249994,0.04113824219299999,0.02935847266225001,0.026001304691000007,0.022094984377750003
0.03271542969325001,0.03735397656725,0.26886234772725015,0.04235910156949999,0.0366216718805,0.028931070316500003,0.023254605471000004,0.04119937891249998
0.025452050785250004,0.031677722661,0.17486965237699997,0.04632655078949999,0.03955135156824999,0.02709996094125,0.021728812503000003,0.024719613285250006
0.031860835942500006,0.03076220313000001,0.02880913281825001,0.04132152735099999,0.03350894141275001,0.02862588672300001,0.018737957032999998,0.02532994141
0.031128414067500006,0.026611664065750003,0.03192184766100001,0.044495152348499996,0.04278620703675,0.028259699223250005,0.02270528906475,0.022583312503250002
0.02838183203625001,0.029602542974000008,0.031128437505250007,0.03900223828899999,0.033874980473750003,0.023071585940500003,0.022949546878500007,0.028564851566750007
0.030029781255000006,0.02948033984725001,0.033325742193,0.0424200664125,0.04083326953875,0.028198703129750004,0.022888558597750006,0.02307156250275
0.024536382815000004,0.030273851566750005,0.03271535156775001,0.04589924219574999,0.041199371100249994,0.029480417973250003,0.022644300784000003,0.019714613284000003
0.027466218754250003,0.028931054691500004,0.03167776172375002,0.03784230469275,0.033569773442,0.024719542972000002,0.0194093671895,0.02038590625175
0.02716120703725001,0.030334871098000007,0.03210492187925,0.038941039069,0.038696945318999997,0.02710012500550001,0.021667691408500004,0.022094984377750003
0.025268859378250002,0.03326492578925001,0.03515686719375001,0.04077199219275,0.03857496094474999,0.02899211328550001,0.022400277347750002,0.0210572929705
0.032837367192000005,0.028198609378750007,0.02887008984850001,0.04724192188174998,0.03717097266225,0.028503792972750006,0.0194703320325,0.02484166016
0.03497371484950001,0.03210488281650001,0.03076222656775001,0.04016159375474999,0.037354218757000006,0.03137262500575001,0.023803992190500008,0.02178983203425
0.02545210547350001,0.028442929693000014,0.034973738287250006,0.03637766406975,0.03448552735050001,0.027710328128750007,0.021362492189500003,0.022766433597
0.027161042973000003,0.030274062506500016,0.034546453130750006,0.04003958594275,0.03204387891075001,0.026489578128250008,0.02142366797225,0.023621027348250005
0.021240468752500002,0.033081601568,0.050354519536249975,0.03637753906825,0.031738773442750015,0.02789344141025001,0.024109269535000005,0.022827453128250005
0.03088436719350001,0.02783247656725001,0.02880901562950001,0.03753720703749999,0.03179980859900001,0.02612355469275001,0.024292296878250002,0.022033808595
0.026855773440750005,0.02856481250350001,0.030640078129250008,0.042115093757749994,0.04022291016349999,0.029541484380000007,0.022400183596750004,0.021850984379250007
0.031128281253750015,0.026184574224000008,0.03338680078700001,0.038696742192,0.041992835943749994,0.028320664066250008,0.025451964847000002,0.026916832034750007
0.020996351565249996,0.026428714849000008,0.040161601566999994,0.03552304688075,0.029785648442750008,0.11908276177675006,0.02178969140775,0.020508070315250003
0.023865113285,0.024475425784750003,0.029297312504500007,0.03131151172350001,0.035523101569,0.14837930864075002,0.023926218754500003,0.022095031253250002
0.023193710941250004,0.026794761722250003,0.034302218754250005,0.03247119531775001,0.030945191410000003,0.12677103516375002,0.024536484378750004,0.024963707034750007
0.023315734378250002,0.02880908594275001,0.03320359375500001,0.028625910160750008,0.03179962109700001,0.11877580469750004,0.021545597658250006,0.020813269534250004
0.02258312500125,0.029724527347750006,0.03503478125625001,0.033447820318250006,0.03259321094200001,0.08838008594675,0.023437781253000004,0.020386046878250002
0.022827429690500004,0.026428574222500004,0.03100643750600001,0.033813992193,0.028320703129000004,0.13849058986700005,0.028259714848250007,0.02093533984675
0.025879281254000002,0.02856489062950001,0.24115305080499996,0.04095530078849999,0.029785507816250015,0.11120719532100004,0.022827453128250005,0.021545621096000004
0.022155972658499997,0.02691691797300001,0.15002588282349996,0.039246089848750006,0.034729660163250006,0.10223489453900005,0.0206300703145,0.0194704257835
0.02459761328600001,0.03131149609850001,0.10498238282925013,0.03558409766250001,0.03399694922250001,0.044189914066750005,0.022644300784000003,0.024963769535250008
0.02185085937775,0.027160972659750007,0.029724683599750012,0.03521800391325,0.029663648443500012,0.22106961722250004,0.025268945316500004,0.022155996096250002
0.0230105117215,0.027405199223000005,0.03173883594325001,0.035950230474000006,0.032776363286250006,0.12194992969950011,0.024963683597000002,0.022766464847500004
0.02276634765875,0.04046794924924999,0.07196027735624999,0.03564505469275,0.03161671875525,0.1500253203295,0.024963660159250008,0.02087423437725
0.021911785157999998,0.028015574223250007,0.03344775781775,0.03393615625600001,0.03265430078600001,0.10022059375625005,0.02423119140875001,0.022278042971000004
0.02435321484575,0.025391023441750007,0.14379959379249999,0.03656061328700001,0.025818191409500004,0.027710359379250003,0.019104214846,0.020935316409000003
0.021118351564500003,0.0365605195355,0.032898542974750006,0.03833080469475,0.03289837891050001,0.027771519536500006,0.019958730471250002,0.021667738284000003
0.021484656253000004,0.02545203516025001,0.03198291406775001,0.03247117969225,0.027771417973250008,0.025574035159500002,0.022644324221750004,0.022583289065500004
0.020447035159,0.024902742191750007,0.02764925390975001,0.03363096484975001,0.02557424609925001,0.02606231640950001,0.02063023437875,0.019531460939749997
0.023865144535500007,0.026733726566000007,0.028198664067000005,0.02783247656725001,0.02496375391025,0.0222780898465,0.023498792971500003,0.02294954687850001
0.023315781253750004,0.024292390629250003,0.029358285160250006,0.03485169922475001,0.027710468755250003,0.021973007816250004,0.01910419140825,0.019775742191250004
0.028381660159250005,0.030517929691250008,0.034912632817750006,0.037781378912500004,0.027710476568000013,0.021728750002500002,0.018676898439000004,0.02270528906475
0.063599539069,0.030640070316499998,0.04882882031924999,0.0363776562575,0.027100085942250007,0.023315757816000007,0.022095007815500008,0.02240025391
0.05804543360274996,0.036682558597999994,0.04480059375725,0.03228818360000001,0.025574035159500005,0.024231308597500004,0.02050807031525,0.02734412500400001
0.0505986523485,0.03521798828825,0.03930739063250001,0.03143349609775,0.023926132816250008,0.022949406252000003,0.01867692187675,0.0244143906285
0.03643844141075,0.028687007817500006,0.040650125007249995,0.03448548047500001,0.022705335940250006,0.022400230472250003,0.020630164065500004,0.025390976566250004
0.03936830860000001,0.033447781255,0.037964515631249994,0.032288113286750006,0.022522183596,0.022522300784750007,0.023742933596500006,0.023803968752750003
0.052673917973749984,0.033020464848500006,0.04693680078874999,0.03253208984750001,0.03234910937975001,0.021057339846,0.022400160159000006,0.028442984381250015
0.036255398442499996,0.02819873438025001,0.04132139453725,0.03405824219399999,0.0253909531285,0.02435337891,0.0194094609405,0.02276646484750001
0.04779148047724999,0.0353398945365,0.04077210156875,0.03283750000625001,0.024231214846500003,0.021484609377500002,0.02075216406475,0.02685590625450001
0.046997796881749994,0.030335082037250008,0.04144363672674999,0.03308151562975001,0.026367562504000006,0.022705406253500003,0.017151113283750002,0.024597496097250007
0.035095847662500006,0.026367695317750007,0.03839173047500001,0.03265444141300001,0.025513000003250005,0.021179457034000003,0.0200196718765,0.024536570317000003
0.04498360547599999,0.029663476566500008,0.043762902350999985,0.034180304693750004,0.027099984379000006,0.022888488284500005,0.019287226563750003,0.025635140629000002
0.045044937509750006,0.030335105475500012,0.03723223438325,0.028137652348500016,0.026001257815500004,0.023376792972250007,0.022461171877500005,0.024109191409500002
0.0504157890695,0.031982960943250004,0.045716027349999994,0.036804839849750005,0.025696175785250002,0.020202988285,0.021118398440000002,0.023132667972250005
0.046387257817249984,0.03234917188025001,0.05157556641474999,0.04180965234949999,0.024963746097500007,0.023132558596250002,0.022522253909250004,0.02301053515925
0.04235887500474998,0.028748003911000006,0.057129765632499975,0.044007019537249996,0.031372585943000006,0.023865121097750006,0.020508046877500002,0.025024734378250008
0.048706546879749985,0.031311410160250006,0.06738363282024998,0.04913419141524999,0.03167764453550001,0.023743144536250007,0.01910414453275,0.025513015628250004
0.041626742194000005,0.03393600781725,0.07336533594700001,0.051880617193999994,0.027100031254500005,0.024963847661250007,0.022888488284500005,0.024353347659500004
0.04425124609999999,0.036011273443,0.06237870313224998,0.051575503913250005,0.02557410547275001,0.022583265627750003,0.018982097657999998,0.026916871097500003
0.0435187304745,0.03277627734800001,0.05774035938524999,0.05737391407025,0.029297289066750005,0.025146882816750007,0.020447011721250002,0.024048195316000002
0.04180968359950001,0.03289841797375001,0.07177827344574997,0.05371193750949998,0.027466171878750008,0.022705429691250008,0.020691082033000005,0.022400160159000003
0.03924623047475,0.029053265630500008,0.050904125006750005,0.039124128912250006,0.02673382031700001,0.022705429691249997,0.02111837500225,0.025513000003250005
0.04229798828675,0.02832072656675001,0.07360880470199999,0.060975191416499985,0.026428660160750003,0.024231347660250004,0.019775671878000004,0.027038910159500003
0.036682785162749997,0.03210503906800001,0.06567460156974998,0.05120926953899999,0.026550503908500007,0.02301053515925,0.01934828515775,0.027588382817750008
0.02813751172200001,0.027588492193750012,0.04882878125599999,0.5752030939370001,0.06152447657174997,0.025879304691750007,0.01928732031475,0.024902710941250007
0.02655081641150001,0.029114277349000007,0.055115488287499986,0.43756920719925013,0.0780043046985,0.031128492193500012,0.023010605472500008,0.023071687504250003
0.026367539066250004,0.03338693360075002,0.0491950859445,0.753610051017,0.08599969141525003,0.036255414068,0.024353261721250002,0.02410927734775
0.025024703127750004,0.03015194531850001,0.054871496102249985,0.5812451212372498,0.07995728907300005,0.030640210943500012,0.022278136722000002,0.02569617578525001
0.025024742191000007,0.026245367190000007,0.04901207422674998,0.69257132433875,0.07080169532025,0.030212847661000006,0.023804062503750004,0.024658593754000004
0.023987121097000002,0.02960256641175001,0.04937824610149999,0.44562641815500015,0.06890975391524999,0.028320664066250004,0.021911847658500003,0.024719589847500004
0.022583289065500004,0.029236417974750014,0.037842632820750004,0.45361996106825014,0.06091407032149999,0.029236417974750007,0.01977550781375,0.0220339492215
0.022888535160000008,0.026306542972750008,0.04827967578949998,0.6398997658485,0.07769895704125002,0.029419437505250005,0.02294942968975,0.024292203127250004
0.022033988284250003,0.024231285159750003,0.047913378913749985,0.48437657041875015,0.05920501563324997,0.03332593750775001,0.022400136721250005,0.023498863284750007
0.022644433597750004,0.0313113867225,0.049011925787499994,0.5855797892165,0.06597984766375001,0.032044011724500006,0.020691035157499996,0.021118445315499997
0.029541445316750008,0.029114230473500004,0.045593917975249976,0.5125821330475001,0.05450526172699998,0.026611609378000004,0.02191197266,0.024231261722000005
0.025696128909750007,0.028564804691250008,0.04992762500774999,0.4978106017057501,0.067750226573,0.031067308598000005,0.023132652347250003,0.021423597659000003
0.023987074221500003,0.02911423828625001,0.04559408985174999,0.6331251759592501,0.07202222656875,0.028748121099750012,0.02130159765975,0.022766371096500003
0.025024742191000003,0.027649324223000007,0.045960339851999994,0.58826567206225,0.06524767579125,0.027832460941750008,0.020569058596,0.021911832033500004
0.02484168359775001,0.02807664063000001,0.051453355475249984,0.5311376173685001,0.06903198047925001,0.03118948047425001,0.024170250003500003,0.025574128910500007
0.026184410159750007,0.026611750004500008,0.042603257819499994,0.6857410353669998,0.052063863289249994,0.028320640628500007,0.022095007815500004,0.02648963281650001
0.02172886719125,0.028931101567000007,0.04443428125649999,0.6196337969955,0.05810633594574998,0.04956055469824999,0.024963769535250004,0.024475558598500004
0.026794878911000006,0.028687054693000008,0.048828906257499985,0.5556063244122501,0.06298897656824998,0.029907640629250012,0.022522277347,0.021606632814500003
0.025268882816,0.024780601566000003,0.040405828130249996,0.7381008243744996,0.054078101571499976,0.030273875004500007,0.021667785159500005,0.023071710942
0.022827382815,0.026001351566500006,0.043152488287,0.60370240248125,0.06292834766599999,0.02862592578575001,0.01977560156475,0.023559921878750004
0.025329980472750004,0.026550644535000004,0.04571612891374999,0.6572992619384997,0.060608910165249975,0.027099984379000006,0.020569128909250004,0.024536382815000004
0.024902648440750005,0.026611820317750008,0.05761814844624998,0.6638885119674999,0.07110712891625003,0.029602425785250002,0.019775578127,0.02691694922350001
0.019897695315000002,0.027161066410750008,0.042786402351499976,0.5770906056807502,0.06524754297699999,0.027100093755000013,0.023804085941500006,0.02398709765925
0.023498886722500004,0.029236332036500008,0.042175964850250006,0.6502765627047498,0.060242386725249994,0.025757281254750006,0.01922630859625,0.024231378910750008
0.02331578125375,0.028930992191000007,0.04834072657124998,0.5443846994807501,0.06585792578949999,0.022217031252500005,0.01989757812625,0.02703901953600001
0.023620996097750004,0.025513062503750003,0.06323322656974999,0.23162841018899993,0.04065007031849999,0.021728773440250003,0.02124044531475,0.022217078128000004
0.021606726565500004,0.029297218753500005,0.08697617578975003,0.037537339850749994,0.025879328129500008,0.022827429690500004,0.0214235507835,0.020202917971749997
0.022949476565250003,0.030884429694000015,0.07336542188425002,0.03314266016200001,0.025635093753500007,0.024353425785500003,0.022949523440750005,0.0205080468775
0.026001250002750005,0.027588195315750002,0.08502312891575001,0.036438613287750006,0.026001398442000008,0.026489609378250012,0.11993557425350004,0.023010582034750007
0.02423114453325,0.03387503516100001,0.09314057032000003,0.039429257818,0.026123468754500005,0.020263812501499997,0.02148463281525,0.022339148440500004
0.023559921878750004,0.03399708984850001,0.07788175000750001,0.03411912891100001,0.021850843752750003,0.020813175783250003,0.020874281252750003,0.01879894531375
0.0208743046905,0.03442421094125,0.07544047657125001,0.03387496484825,0.025146859379000006,0.01995863672025,0.019958730471250002,0.022034042972500004
0.023865074222250003,0.03277631641075,0.07794287110200003,0.03552324219550001,0.026672597658750002,0.022461289066250004,0.01983656640775,0.02111848437825
0.02154570703425,0.034851644536500005,0.08636594922875002,0.038513660161,0.024109214847250003,0.023437710939750007,0.020202800782999998,0.023132675785
0.023315734378250005,0.03326462109850001,0.09393439454200003,0.030884351568500012,0.023315710940500004,0.019836589845499998,0.019836613283250003,0.020752164064750004
0.023865160160500002,0.05676381251174997,0.08349705469525004,0.03265431641150001,0.023437781253000004,0.022888371095750003,0.022888441409000003,0.021850843752750003
0.022033996097000002,0.03167774609875001,0.06347736719425,0.034424390631000015,0.022583242190000002,0.019348355471,0.02063009375225,0.022400230472250003
0.021240468752500002,0.029419296878750004,0.06921470313275001,0.032776402349000006,0.022095054691000003,0.02508573047175,0.0194703320325,0.022217007814750004
0.024841753911000002,0.0389409296925,0.08593850782025003,0.03765942578875,0.02441443750400001,0.022034019534750007,0.01940939062725,0.02160679687875
0.020508046877500002,0.036316519537000005,0.06311133594599999,0.03418008594175,0.02417027344125,0.021850773439500003,0.021118468753250002,0.022217031252500002
0.0220340429725,0.030334941410750008,0.06738391407175003,0.03369195313050001,0.022644347659500002,0.02508582422275001,0.0205079531265,0.020996421878500003
0.020691152346250002,0.029175226567000008,0.07287713282149999,0.0287479882855,0.025024742191000003,0.025146882816750003,0.021301527346500006,0.021179480471750004
0.022400160159,0.03765933203725001,0.07800426563625004,0.035339910162,0.025024765628750008,0.027527410162000013,0.021423597659000003,0.0213015273465
0.024170273441250004,0.03161664062925001,0.06994726563325,0.031250601568750015,0.0239262031295,0.021362679691500002,0.020996351565250003,0.020019718752000003
0.02209496094,0.029785562504000006,0.07898069532250003,0.036987757817000005,0.022888417971250005,0.020447011721250002,0.018554781250999998,0.021545644533750002
0.021179457034000003,0.039795546881500006,0.07049663672775,0.03125046875500001,0.023865097660000004,0.021606843754250003,0.019409343751749998,0.021362585940500004
0.0208131523455,0.034485355474,0.07476909766525,0.034058125005249996,0.022949523440750002,0.021179457034,0.020935292971250005,0.0187989687515
0.021423574221250005,0.03143354297325001,0.06933707813449999,0.032593390631250004,0.022156066409500005,0.021728750002500002,0.023315804691500006,0.019714636721750004
0.021118398440000005,0.035461777347,0.06048663672624999,0.029541429691750002,0.02502478906650001,0.022644347659500002,0.021850843752750006,0.020324917971
0.02673388281750001,0.032349085942000005,0.05481031250674998,0.035767250006750004,0.022339054689500003,0.02093533984675,0.021728796878000004,0.021728750002500002
0.023193703128500005,0.028809078129500006,0.07910255469524997,0.035278867193,0.023804015628250005,0.023315757816,0.022033878908250003,0.023010628910250006
0.022766371096500003,0.03271525781625001,0.05761803906974997,0.028320734379500008,0.022522207033750002,0.020813246096500003,0.01989762500175,0.02185093750375
0.022827406252750003,0.036987781254749996,0.08374142188450004,0.03277638672400002,0.025512976565500008,0.020202800783,0.022583335941000003,0.0206910351575
0.022278183597500004,0.03387502734875001,0.07995720313375003,0.03912412109949999,0.022278066408750002,0.023742957034250004,0.022766363283750004,0.023193734379000002
0.024536414065500004,0.035706238287750006,0.06738367188199999,0.03228828516325002,0.024353355472250003,0.022400230472250003,0.022217031252500005,0.020752140627
0.022217078128,0.03192188672375001,0.070374496102,0.030457003911000008,0.02392613281625,0.020996351565250003,0.02087428125275,0.021728750002500002
0.023193640627999997,0.028564882816750008,0.06720069141425,0.029053062503500003,0.023987144534750003,0.02191185547125,0.01947040234575,0.023010675785750005
0.022583359378750004,0.03350869141025,0.054017027352499976,0.03186084375475001,0.021362539065000005,0.021179527347250003,0.020569035158250003,0.021667878910500003
0.020019718752000003,0.031128375004750013,0.07074063672675002,0.030579097661250002,0.023742910158750002,0.020813175783250003,0.022583242190000002,0.02087423437725
0.028442648440000003,0.10632528129675006,0.08563369922975006,0.6029076095102499,0.08398561719775004,0.034241339850000004,0.027893363284250006,0.039734386723250005
0.02301055859700001,0.033936062505500006,0.049805460945249985,0.4785833478077499,0.08648803516625,0.03259323437975001,0.031128398442000004,0.04687560156825
0.025635062503000003,0.04254233985199999,0.06243976953749999,0.5801482775405001,0.09869506641575004,0.03222702344225001,0.031860875005250006,0.05932685156924997
0.02716111328625001,0.03820856250574999,0.06677331250774998,0.8338660236994998,0.13061680469925002,0.034973675786750015,0.033325820319000006,0.05340670703949998
0.03295961719425001,0.0416875820365,0.06628514063424999,0.7778489534124998,0.11505298829425004,0.03326469141175001,0.03216606641150001,0.060181515632249986
0.02471961328525001,0.040161968757749994,0.06817747266725,0.6836005861172498,0.10308987110500009,0.032715398443250006,0.035156664066249996,0.07104590625799999
0.025635156254000008,0.03527892188125001,0.0703137968865,0.6759114923649997,0.11480855860400006,0.034729589850000006,0.03027376562850001,0.05792312891275
0.02447547266025001,0.03833075781925001,0.08081159375800001,0.7130190705250002,0.14587569532450007,0.04077207813099999,0.03015182812975001,0.05749598438324997
0.024597519535000004,0.028259675785500007,0.06579680469549998,0.8736693128152498,0.09015023829175003,0.02832071094125,0.025635117191250004,0.03320370313100001
0.02520784765975001,0.03613335156775001,0.05560405860324996,0.5328388986165004,0.09008912501050005,0.03607248828850001,0.023498816409250008,0.024048109377750003
0.024597402346250005,0.0393681523485,0.06732282422875,0.7363418361432501,0.10815567969925007,0.031311542974,0.02380396875275,0.026489726567500007
0.024902781254500003,0.03454639062975,0.07733266797824999,1.0537861760287497,0.141359078136,0.03497383985100001,0.028320664066250008,0.026123437504000004
0.02941949219300001,0.033691820316750005,0.06756685547675001,0.6967294416424996,0.11975253126175005,0.036926847662250004,0.021423644534500002,0.024780531252750006
0.024292367191500002,0.0346685000055,0.06378295704174998,0.8765364964149998,0.10589722266500007,0.035339886723750005,0.025391000004000006,0.0239871679725
0.025513023441000003,0.03576717188075,0.06829918360074999,1.0069099026305,0.11157389844925007,0.0350347421935,0.025207886722500003,0.027527230472750006
0.026245609380250005,0.032288175787250004,0.0667732421945,0.72004516035625,0.11047514844950007,0.031189519537000013,0.022888394533500004,0.026428574222500008
0.021057425784250006,0.0339360937555,0.07824837501175003,0.7835792815382498,0.12310953516825011,0.0346074570365,0.026428714849000005,0.026001328128750008
0.023376832035000007,0.032532308599500015,0.07580662500825003,0.8982623245060001,0.12158371095025013,0.036743796881750015,0.02563514062900001,0.028137558597500004
0.023926085940750002,0.031128484380750013,0.06689528125699999,0.9184646721269997,0.11535833595100008,0.03356993750625,0.025635117191250004,0.024109191409500005
0.02606245703600001,0.031006398442750015,0.06024266016449997,0.8678698557357498,0.09991594141675006,0.031311550786750006,0.025390953128500003,0.022400136721250002
0.02594036328525,0.0350346640675,0.06543065625849998,0.7805910744725001,0.12896883204175003,0.033569859380250006,0.02587932031675001,0.030579199225000016
0.025268906253750004,0.033142542973250005,0.06182964454024999,1.1041331408297497,0.10662971485325005,0.03241012891100001,0.023926156254000002,0.024231324222500007
0.024475488285250008,0.030151773441500003,0.05932718750849999,0.8966777463107499,0.11102442579300005,0.03100632031725001,0.024536460941000007,0.023804085941500006
0.021179574222750002,0.029236363286500006,0.05572577735049998,0.688665801067,0.09503307422900005,0.03271530469225001,0.023010511721500006,0.025085800785000004
0.02478057812825001,0.034058234381250004,0.06860472657325,0.8236743478424998,0.10144175000975006,0.03570603516075,0.02325483984850001,0.024292320316000003
0.021179433596250002,0.027466250004250008,0.054261214852499975,0.6006449883722502,0.09192012500975001,0.032471226567750006,0.022949500003000004,0.022888441409
0.021667855472750002,0.027405160160250006,0.06115814844549997,0.6580258556479999,0.10394419922875003,0.033936171881500006,0.023865113285000003,0.024414437504000006
0.02484170703550001,0.02954155469325001,0.056031062507249985,0.6682250627684998,0.09820699610500007,0.1210955234522501,0.029114324224500013,0.025512968752750005
0.022705421878500002,0.029419406254750008,0.06121921485224998,0.7396306330744997,0.08844120704075001,0.03393603906775001,0.02581829297325001,0.027710328128750007
0.023193664065750002,0.025024695315500004,0.059937617197499994,0.6608910313745002,0.09716926563550009,0.03167780859975001,0.021850890628250005,0.024719636723
0.02618448047300001,0.02893110156700001,0.06549169922799997,0.7464685080964997,0.12915197657475003,0.03558408984975,0.024292296878250005,0.027527253910500007
0.03710997656875,0.06121923828949998,0.04498362110049999,0.16974298054549986,0.06048690235324996,0.035950292975,0.023865144535500003,0.029846589848000007
0.04345769531925,0.066773570322,0.03021293359925001,0.038208585942999994,0.042237000006499985,0.034912757819250004,0.023804078128750007,0.03399714453725
0.04345767188149999,0.08465700391650002,0.03295957031825001,0.03942928125575,0.04199293750749999,0.03662198438400001,0.027100031254500005,0.03588938281975001
0.03942920313025,0.07446379688300002,0.03625536719200001,0.036621632818250004,0.04144353516249999,0.03356973437925,0.024292343753750004,0.03314273828800001
0.039978621099750006,0.08300893750900004,0.03259328125525001,0.0377812695365,0.04028371094274999,0.03320369531825,0.024109253910000007,0.03326483203825001
0.04498362891324999,0.07458616407250003,0.034607457036500006,0.040528054694749995,0.04016179688174999,0.034668562506,0.026123351565750005,0.03759835156974999
0.042359125006749994,0.07098499610275,0.03350886328725001,0.044678562507999994,0.042359070319,0.03381403125575,0.025635140629000002,0.034790609380750015
0.040833214850499996,0.059754332038999984,0.029968699223250007,0.039490347662,0.042847437507249994,0.030456933597750008,0.024841707035500003,0.033936109381
0.04669275391425,0.08062833985200003,0.036987867193000006,0.04290823047425,0.047241906256249994,0.03198288281725,0.025757203128750007,0.039246144536499994
0.04412880078499999,0.06799431250924999,0.02960251172350001,0.03790334766125,0.04290826953649999,0.031372640630750015,0.0202028476585,0.03741511328725
0.044861425787,0.07141221875974998,0.02954141406675001,0.03912419141275001,0.0379645703195,0.029907828131250015,0.026794855473250005,0.03314262109925001
0.04126036719375,0.085939843786,0.0358282382875,0.0404058984435,0.06921489844650003,0.03289858985025001,0.021545667971500003,0.036011359381250004
0.03503476563075,0.10229601563350003,0.04522794141474999,0.06048673047624997,0.155886601602,0.028137582035250006,0.023743097660750005,0.024841660160000008
0.027893527348500008,0.10534724220149999,0.040161835943999996,0.07751575782150001,0.24133634380124994,0.030762320318750015,0.025390929690750002,0.024170296879000002
0.02624555469200001,0.07666129688499998,0.036988015631750006,0.065186578134,0.19281255082500007,0.0266726367215,0.0218508671905,0.02087437500375
0.03167779297425001,0.09234816018775004,0.039307164067749985,0.07806483985125,0.16919196095625,0.03045703516150001,0.025390953128500003,0.02618452734850001
0.03338673828650001,0.1175565391000001,0.05157539453725,0.05999842578899999,0.14844077347875004,0.03363098047475001,0.021911832033500004,0.022949429689750004
0.03112832812925001,0.11328310157775007,0.038574710942250005,0.0690319726665,0.204286019577,0.028809156256000012,0.023865183598250003,0.02435340234775001
0.030579074223500004,0.12890637502100002,0.05175858594474999,0.05877772266399998,0.1529566406447501,0.031494695318250006,0.023498792971500003,0.022400136721250002
0.031677691411000006,0.10522604688550004,0.04693664453675,0.06469791406825,0.22332830863024997,0.027527277348250005,0.024048289067000007,0.027222101567000008
0.023926171879000004,0.07684399609925002,0.036926753911250006,0.05267402735024999,0.11627316797750005,0.026672683597000004,0.023926156254000002,0.022949500003000004
0.021728773440250003,0.022949593754000006,0.026123421879000006,0.023803992190500004,0.023925992189750004,0.024475496098000007,0.021667621095249997,0.020813199221000004
0.0211794101585,0.021606703127750003,0.027771347660000008,0.026611820317750008,0.030762093754000016,0.023926078128,0.0258183632865,0.020813292972000005
0.020080800783750002,0.024841636722250003,0.02508591797375,0.0259401992215,0.023010652348000003,0.022949500003000004,0.024658484378000004,0.020507953126500004
0.019653578127750003,0.02618438672200001,0.026916925785750008,0.022949500003,0.027222054691500006,0.023559828127750003,0.025024765628750008,0.02392599218975
0.04260306250525,0.026001328128750004,0.0240482265665,0.0216678789105,0.024536437503250005,0.055664914070249975,0.4172480782950002,0.034668578131
0.041138203129249984,0.023071593753250002,0.02612344531675,0.021911925784500002,0.022888503909500004,0.021850820315,0.022095078128750004,0.02417027344125
0.036194121096500005,0.022766417972000005,0.026184472660250004,0.026733695315500003,0.024841589846750004,0.02508575390950001,0.022156089847250007,0.023498839847000005
0.025330027348250003,0.024414343753000008,0.025879304691750007,0.024231332035250002,0.024658484378000004,0.022461195315250003,0.022461171877500002,0.019348238282249998
0.022094914064500003,0.02838176172300001,0.025452035160250006,0.022949476565250003,0.024536437503250002,0.024231238284250004,0.020080894534750003,0.021850843752750003
0.020874281252750003,0.025879398442750008,0.02887009766125001,0.026794832035500007,0.039673554694,0.029663484379250003,0.02886991015875,0.020569082033750002
0.021301503908750002,0.02801569922475001,0.026855789065750008,0.03192185547375001,0.05896077344499999,0.04162665625675,0.10009906253900008,0.022522253909250004
0.021240421877,0.027099992191250005,0.028015535160500003,0.03161675000575001,0.07379270704175002,0.039673578132250004,0.11920280078975007,0.025513023441000007
0.08831949612975007,0.02313274609825,0.02868694531700001,0.04132156641375,0.07263303125975,0.037415136724499996,0.10498241410675001,0.10449669539275004
0.021850914066000003,0.021972984378500007,0.028931265631250015,0.04296940625649999,0.07959109376100004,0.03454639063025001,0.18958017195725002,0.025513093754250007
0.01953150781525,0.02935837891125001,0.02905310156625001,0.03723210938125,0.07824823438575004,0.04016185938175,0.14288373830975,0.02337681641
0.021545667971500003,0.023865121097750002,0.029724707037500013,0.03967347656899999,0.07434174219500002,0.042847335943999997,0.16412626176550002,0.02917533594300001
0.018798992189249998,0.025024812504250007,0.02893103906650001,0.041077386726000004,0.08197151954200002,0.03967343750575,0.09985496876350006,0.023742933596500003
0.020385953127250004,0.02136260937825,0.028137613285250006,0.042786222661749994,0.07708841797625002,0.03881907031975,0.07800425782400003,0.025207894535250002
0.020996351565250003,0.02380392187725,0.030151828129750008,0.04052782031724999,0.08746480860500006,0.04077227344524999,0.05133118359999998,0.021484671878
0.022095007815500004,0.02600142187975001,0.02758814844025001,0.03595046485150001,0.08081172657325005,0.035706027348500015,0.02716116797400001,0.022705359378000004
0.022217054690250003,0.022094984377750003,0.03002974219225001,0.04376287110049999,0.062440066416499976,0.037598343757,0.04010055859799999,0.024109191409500002
0.0207520937515,0.023987191410250002,0.03155568359900001,0.030945394537000015,0.059815234381499986,0.036072363287,0.03649950000425,0.023132722660500007
0.0194705195345,0.026611796880000007,0.02941932031650001,0.030579230475000014,0.07135119922800001,0.0352179804755,0.029724378909000003,0.022278136722000005
0.020324988284250004,0.024841707035500003,0.02862593359850001,0.039612558601,0.07757682422825003,0.036560753913500006,0.0451665625045,0.020752187502500002
0.020141789064500003,0.023926085940750005,0.028381675784750003,0.034546414068000006,0.09497228126250006,0.03295969531975001,0.06298896875599998,0.025146710939750006
0.021484609377500005,0.025024789066500006,0.02764951172500001,0.037598234381000004,0.09185941798100004,0.048035371100749985,0.13861363675325006,0.023437828128500003
0.023437710939750004,0.02966362500575001,0.030518062505000013,0.03796442188024999,0.061524609385499966,0.043213539068749994,0.10809541017600005,0.025818308598250007
0.023987003908250003,0.027466359380750014,0.029053015628000008,0.035950316412750004,0.06024256641399997,0.03814756641225,0.22308833209600004,0.023254652346500003
0.020019789065250003,0.023742980472000005,0.029236285161000013,0.03662161719225,0.07257180079025002,0.03552296875525,0.078553128915,0.023010558597000005
0.01721203125125,0.02160675000325,0.026062339847250003,0.035889195317750006,0.07885853125950006,0.040650226570500006,0.07617222656574998,0.020691199221750004
0.019287250001499997,0.029968613285000004,0.03167780859975001,0.034851691412500004,0.08191044532350003,0.04583822266399999,0.034241167973,0.025207824222000002
0.020691175784000003,0.026367437502500004,0.028503972662000016,0.04461749610175,0.07592895313500002,0.03424116797350001,0.040161687505249996,0.0176393242205
0.02154559765825,0.021606656252249997,0.02832073437950001,0.038208703131749996,0.07721029297600002,0.04943950000924999,0.04260300000425,0.028137667973500004
0.021057410159250004,0.02252222265875,0.032165902347750006,0.039856597662749994,0.06408783594549998,0.04480049219399998,0.03637751563,0.022766417972000005
0.021484632815250003,0.025818175784500005,0.02874809766200001,0.036438535161749996,0.08758693360675003,0.04730294922524998,0.02777147266100001,0.021606726565500004
